converged	score	run	cpu_time	memory	nclusters_pred	all_vmeasure	clone_prev_MAE	clone_prev_MSE	slsbulk_clone_prev_MSE	slsbulk_vmeasure	slsbulk_clone_prev_MAE	uncertainty
1	122865.667444474	/crex/proj/uppstore2017165/nobackup/alva/scWGBS/K562_Lnuclei_out_hg38/cluster/0_0.95_10000/epi_region/0/cluster_posteriors.tsv.gz	163	167	2	NA	NA	NA	NA	NA	NA	NA
1	121555.893500688	/crex/proj/uppstore2017165/nobackup/alva/scWGBS/K562_Lnuclei_out_hg38/cluster/0_0.95_10000/epi_region/1/cluster_posteriors.tsv.gz	115	167	3	NA	NA	NA	NA	NA	NA	0
1	122865.667444474	/crex/proj/uppstore2017165/nobackup/alva/scWGBS/K562_Lnuclei_out_hg38/cluster/0_0.95_10000/epi_region/10/cluster_posteriors.tsv.gz	165	167	2	NA	NA	NA	NA	NA	NA	NA
1	121456.394776553	/crex/proj/uppstore2017165/nobackup/alva/scWGBS/K562_Lnuclei_out_hg38/cluster/0_0.95_10000/epi_region/100/cluster_posteriors.tsv.gz	24	165	2	NA	NA	NA	NA	NA	NA	NA
1	96555.8198624948	/crex/proj/uppstore2017165/nobackup/alva/scWGBS/K562_Lnuclei_out_hg38/cluster/0_0.95_10000/epi_region/101/cluster_posteriors.tsv.gz	183	166	7	NA	NA	NA	NA	NA	NA	0
1	101792.654792307	/crex/proj/uppstore2017165/nobackup/alva/scWGBS/K562_Lnuclei_out_hg38/cluster/0_0.95_10000/epi_region/102/cluster_posteriors.tsv.gz	45	165	3	NA	NA	NA	NA	NA	NA	0.0325581395348837
1	99992.1392028339	/crex/proj/uppstore2017165/nobackup/alva/scWGBS/K562_Lnuclei_out_hg38/cluster/0_0.95_10000/epi_region/103/cluster_posteriors.tsv.gz	147	166	7	NA	NA	NA	NA	NA	NA	0
1	205256.133041842	/crex/proj/uppstore2017165/nobackup/alva/scWGBS/K562_Lnuclei_out_hg38/cluster/0_0.95_10000/epi_region/104/cluster_posteriors.tsv.gz	7	165	1	NA	NA	NA	NA	NA	NA	NA
1	205256.133041842	/crex/proj/uppstore2017165/nobackup/alva/scWGBS/K562_Lnuclei_out_hg38/cluster/0_0.95_10000/epi_region/105/cluster_posteriors.tsv.gz	7	165	1	NA	NA	NA	NA	NA	NA	NA
1	93194.0680198612	/crex/proj/uppstore2017165/nobackup/alva/scWGBS/K562_Lnuclei_out_hg38/cluster/0_0.95_10000/epi_region/106/cluster_posteriors.tsv.gz	189	166	8	NA	NA	NA	NA	NA	NA	0.0136239782016349
1	121456.670958974	/crex/proj/uppstore2017165/nobackup/alva/scWGBS/K562_Lnuclei_out_hg38/cluster/0_0.95_10000/epi_region/107/cluster_posteriors.tsv.gz	23	165	2	NA	NA	NA	NA	NA	NA	NA
1	205256.133041842	/crex/proj/uppstore2017165/nobackup/alva/scWGBS/K562_Lnuclei_out_hg38/cluster/0_0.95_10000/epi_region/108/cluster_posteriors.tsv.gz	7	165	1	NA	NA	NA	NA	NA	NA	NA
1	94708.3052561367	/crex/proj/uppstore2017165/nobackup/alva/scWGBS/K562_Lnuclei_out_hg38/cluster/0_0.95_10000/epi_region/109/cluster_posteriors.tsv.gz	237	166	7	NA	NA	NA	NA	NA	NA	0.0176991150442478
1	121564.217624599	/crex/proj/uppstore2017165/nobackup/alva/scWGBS/K562_Lnuclei_out_hg38/cluster/0_0.95_10000/epi_region/11/cluster_posteriors.tsv.gz	117	167	3	NA	NA	NA	NA	NA	NA	0
1	93290.5067650091	/crex/proj/uppstore2017165/nobackup/alva/scWGBS/K562_Lnuclei_out_hg38/cluster/0_0.95_10000/epi_region/110/cluster_posteriors.tsv.gz	104	166	6	NA	NA	NA	NA	NA	NA	0.0346820809248555
1	101277.531931913	/crex/proj/uppstore2017165/nobackup/alva/scWGBS/K562_Lnuclei_out_hg38/cluster/0_0.95_10000/epi_region/111/cluster_posteriors.tsv.gz	113	166	6	NA	NA	NA	NA	NA	NA	0.00337837837837838
1	121455.486599926	/crex/proj/uppstore2017165/nobackup/alva/scWGBS/K562_Lnuclei_out_hg38/cluster/0_0.95_10000/epi_region/112/cluster_posteriors.tsv.gz	23	165	2	NA	NA	NA	NA	NA	NA	NA
1	205256.133041842	/crex/proj/uppstore2017165/nobackup/alva/scWGBS/K562_Lnuclei_out_hg38/cluster/0_0.95_10000/epi_region/113/cluster_posteriors.tsv.gz	7	165	1	NA	NA	NA	NA	NA	NA	NA
1	100340.890010568	/crex/proj/uppstore2017165/nobackup/alva/scWGBS/K562_Lnuclei_out_hg38/cluster/0_0.95_10000/epi_region/114/cluster_posteriors.tsv.gz	126	166	6	NA	NA	NA	NA	NA	NA	0
1	94975.9556277996	/crex/proj/uppstore2017165/nobackup/alva/scWGBS/K562_Lnuclei_out_hg38/cluster/0_0.95_10000/epi_region/115/cluster_posteriors.tsv.gz	232	165	6	NA	NA	NA	NA	NA	NA	0.0288808664259928
1	99751.7015563265	/crex/proj/uppstore2017165/nobackup/alva/scWGBS/K562_Lnuclei_out_hg38/cluster/0_0.95_10000/epi_region/116/cluster_posteriors.tsv.gz	103	166	4	NA	NA	NA	NA	NA	NA	0.00395256916996047
1	97392.121412696	/crex/proj/uppstore2017165/nobackup/alva/scWGBS/K562_Lnuclei_out_hg38/cluster/0_0.95_10000/epi_region/117/cluster_posteriors.tsv.gz	151	165	6	NA	NA	NA	NA	NA	NA	0
1	121456.411478348	/crex/proj/uppstore2017165/nobackup/alva/scWGBS/K562_Lnuclei_out_hg38/cluster/0_0.95_10000/epi_region/118/cluster_posteriors.tsv.gz	23	165	2	NA	NA	NA	NA	NA	NA	NA
1	96193.3768054278	/crex/proj/uppstore2017165/nobackup/alva/scWGBS/K562_Lnuclei_out_hg38/cluster/0_0.95_10000/epi_region/119/cluster_posteriors.tsv.gz	114	166	6	NA	NA	NA	NA	NA	NA	0.0377358490566038
1	101795.000197876	/crex/proj/uppstore2017165/nobackup/alva/scWGBS/K562_Lnuclei_out_hg38/cluster/0_0.95_10000/epi_region/12/cluster_posteriors.tsv.gz	126	167	3	NA	NA	NA	NA	NA	NA	0.0325581395348837
1	98465.806245125	/crex/proj/uppstore2017165/nobackup/alva/scWGBS/K562_Lnuclei_out_hg38/cluster/0_0.95_10000/epi_region/120/cluster_posteriors.tsv.gz	177	166	5	NA	NA	NA	NA	NA	NA	0
1	121456.319415116	/crex/proj/uppstore2017165/nobackup/alva/scWGBS/K562_Lnuclei_out_hg38/cluster/0_0.95_10000/epi_region/121/cluster_posteriors.tsv.gz	23	165	2	NA	NA	NA	NA	NA	NA	NA
1	121452.188740117	/crex/proj/uppstore2017165/nobackup/alva/scWGBS/K562_Lnuclei_out_hg38/cluster/0_0.95_10000/epi_region/122/cluster_posteriors.tsv.gz	23	165	2	NA	NA	NA	NA	NA	NA	NA
1	101360.415385546	/crex/proj/uppstore2017165/nobackup/alva/scWGBS/K562_Lnuclei_out_hg38/cluster/0_0.95_10000/epi_region/123/cluster_posteriors.tsv.gz	136	166	5	NA	NA	NA	NA	NA	NA	0.00321543408360129
1	205256.133041842	/crex/proj/uppstore2017165/nobackup/alva/scWGBS/K562_Lnuclei_out_hg38/cluster/0_0.95_10000/epi_region/124/cluster_posteriors.tsv.gz	7	165	1	NA	NA	NA	NA	NA	NA	NA
1	121456.682625313	/crex/proj/uppstore2017165/nobackup/alva/scWGBS/K562_Lnuclei_out_hg38/cluster/0_0.95_10000/epi_region/125/cluster_posteriors.tsv.gz	24	165	2	NA	NA	NA	NA	NA	NA	NA
1	99908.6655408367	/crex/proj/uppstore2017165/nobackup/alva/scWGBS/K562_Lnuclei_out_hg38/cluster/0_0.95_10000/epi_region/126/cluster_posteriors.tsv.gz	82	166	5	NA	NA	NA	NA	NA	NA	0.0157232704402516
1	99329.2907735275	/crex/proj/uppstore2017165/nobackup/alva/scWGBS/K562_Lnuclei_out_hg38/cluster/0_0.95_10000/epi_region/127/cluster_posteriors.tsv.gz	135	166	6	NA	NA	NA	NA	NA	NA	0.00291545189504373
1	98497.7818320512	/crex/proj/uppstore2017165/nobackup/alva/scWGBS/K562_Lnuclei_out_hg38/cluster/0_0.95_10000/epi_region/128/cluster_posteriors.tsv.gz	210	166	7	NA	NA	NA	NA	NA	NA	0
1	96797.755939368	/crex/proj/uppstore2017165/nobackup/alva/scWGBS/K562_Lnuclei_out_hg38/cluster/0_0.95_10000/epi_region/129/cluster_posteriors.tsv.gz	170	166	7	NA	NA	NA	NA	NA	NA	0.0028328611898017
1	98279.4543063319	/crex/proj/uppstore2017165/nobackup/alva/scWGBS/K562_Lnuclei_out_hg38/cluster/0_0.95_10000/epi_region/13/cluster_posteriors.tsv.gz	141	167	4	NA	NA	NA	NA	NA	NA	0.00413223140495868
1	94521.1476300849	/crex/proj/uppstore2017165/nobackup/alva/scWGBS/K562_Lnuclei_out_hg38/cluster/0_0.95_10000/epi_region/130/cluster_posteriors.tsv.gz	206	166	8	NA	NA	NA	NA	NA	NA	0
1	98815.1310204965	/crex/proj/uppstore2017165/nobackup/alva/scWGBS/K562_Lnuclei_out_hg38/cluster/0_0.95_10000/epi_region/131/cluster_posteriors.tsv.gz	139	165	6	NA	NA	NA	NA	NA	NA	0
1	97150.8061310313	/crex/proj/uppstore2017165/nobackup/alva/scWGBS/K562_Lnuclei_out_hg38/cluster/0_0.95_10000/epi_region/132/cluster_posteriors.tsv.gz	160	166	8	NA	NA	NA	NA	NA	NA	0.0136239782016349
1	98554.6277905492	/crex/proj/uppstore2017165/nobackup/alva/scWGBS/K562_Lnuclei_out_hg38/cluster/0_0.95_10000/epi_region/133/cluster_posteriors.tsv.gz	109	166	4	NA	NA	NA	NA	NA	NA	0.00706713780918728
1	98796.756421872	/crex/proj/uppstore2017165/nobackup/alva/scWGBS/K562_Lnuclei_out_hg38/cluster/0_0.95_10000/epi_region/134/cluster_posteriors.tsv.gz	114	166	6	NA	NA	NA	NA	NA	NA	0.00326797385620915
1	121456.396908225	/crex/proj/uppstore2017165/nobackup/alva/scWGBS/K562_Lnuclei_out_hg38/cluster/0_0.95_10000/epi_region/135/cluster_posteriors.tsv.gz	23	165	2	NA	NA	NA	NA	NA	NA	NA
1	99331.8423691616	/crex/proj/uppstore2017165/nobackup/alva/scWGBS/K562_Lnuclei_out_hg38/cluster/0_0.95_10000/epi_region/136/cluster_posteriors.tsv.gz	137	166	7	NA	NA	NA	NA	NA	NA	0
1	101791.260198965	/crex/proj/uppstore2017165/nobackup/alva/scWGBS/K562_Lnuclei_out_hg38/cluster/0_0.95_10000/epi_region/137/cluster_posteriors.tsv.gz	46	165	3	NA	NA	NA	NA	NA	NA	0.0325581395348837
1	96439.8741633614	/crex/proj/uppstore2017165/nobackup/alva/scWGBS/K562_Lnuclei_out_hg38/cluster/0_0.95_10000/epi_region/138/cluster_posteriors.tsv.gz	119	166	6	NA	NA	NA	NA	NA	NA	0.0120481927710843
1	101039.085018537	/crex/proj/uppstore2017165/nobackup/alva/scWGBS/K562_Lnuclei_out_hg38/cluster/0_0.95_10000/epi_region/139/cluster_posteriors.tsv.gz	68	165	4	NA	NA	NA	NA	NA	NA	0.00925925925925926
1	98279.4519096709	/crex/proj/uppstore2017165/nobackup/alva/scWGBS/K562_Lnuclei_out_hg38/cluster/0_0.95_10000/epi_region/14/cluster_posteriors.tsv.gz	141	166	4	NA	NA	NA	NA	NA	NA	0.00413223140495868
1	100510.167059917	/crex/proj/uppstore2017165/nobackup/alva/scWGBS/K562_Lnuclei_out_hg38/cluster/0_0.95_10000/epi_region/140/cluster_posteriors.tsv.gz	157	166	8	NA	NA	NA	NA	NA	NA	0
1	99734.1718775956	/crex/proj/uppstore2017165/nobackup/alva/scWGBS/K562_Lnuclei_out_hg38/cluster/0_0.95_10000/epi_region/141/cluster_posteriors.tsv.gz	105	166	5	NA	NA	NA	NA	NA	NA	0.00418410041841004
1	99751.7015563265	/crex/proj/uppstore2017165/nobackup/alva/scWGBS/K562_Lnuclei_out_hg38/cluster/0_0.95_10000/epi_region/142/cluster_posteriors.tsv.gz	103	166	4	NA	NA	NA	NA	NA	NA	0.00395256916996047
1	97392.5505932098	/crex/proj/uppstore2017165/nobackup/alva/scWGBS/K562_Lnuclei_out_hg38/cluster/0_0.95_10000/epi_region/143/cluster_posteriors.tsv.gz	208	166	9	NA	NA	NA	NA	NA	NA	0
1	205256.133041842	/crex/proj/uppstore2017165/nobackup/alva/scWGBS/K562_Lnuclei_out_hg38/cluster/0_0.95_10000/epi_region/144/cluster_posteriors.tsv.gz	7	165	1	NA	NA	NA	NA	NA	NA	NA
1	101789.719528292	/crex/proj/uppstore2017165/nobackup/alva/scWGBS/K562_Lnuclei_out_hg38/cluster/0_0.95_10000/epi_region/145/cluster_posteriors.tsv.gz	87	166	3	NA	NA	NA	NA	NA	NA	0.0325581395348837
1	99532.4455639902	/crex/proj/uppstore2017165/nobackup/alva/scWGBS/K562_Lnuclei_out_hg38/cluster/0_0.95_10000/epi_region/146/cluster_posteriors.tsv.gz	183	166	7	NA	NA	NA	NA	NA	NA	0
1	121456.682625313	/crex/proj/uppstore2017165/nobackup/alva/scWGBS/K562_Lnuclei_out_hg38/cluster/0_0.95_10000/epi_region/147/cluster_posteriors.tsv.gz	24	165	2	NA	NA	NA	NA	NA	NA	NA
1	101783.763002887	/crex/proj/uppstore2017165/nobackup/alva/scWGBS/K562_Lnuclei_out_hg38/cluster/0_0.95_10000/epi_region/148/cluster_posteriors.tsv.gz	45	165	3	NA	NA	NA	NA	NA	NA	0.0325581395348837
1	99751.7015563265	/crex/proj/uppstore2017165/nobackup/alva/scWGBS/K562_Lnuclei_out_hg38/cluster/0_0.95_10000/epi_region/149/cluster_posteriors.tsv.gz	104	166	4	NA	NA	NA	NA	NA	NA	0.00395256916996047
1	95184.2394725627	/crex/proj/uppstore2017165/nobackup/alva/scWGBS/K562_Lnuclei_out_hg38/cluster/0_0.95_10000/epi_region/15/cluster_posteriors.tsv.gz	142	167	5	NA	NA	NA	NA	NA	NA	0.0218181818181818
1	94247.1296866386	/crex/proj/uppstore2017165/nobackup/alva/scWGBS/K562_Lnuclei_out_hg38/cluster/0_0.95_10000/epi_region/150/cluster_posteriors.tsv.gz	248	166	8	NA	NA	NA	NA	NA	NA	0.0144927536231884
1	101786.156047351	/crex/proj/uppstore2017165/nobackup/alva/scWGBS/K562_Lnuclei_out_hg38/cluster/0_0.95_10000/epi_region/151/cluster_posteriors.tsv.gz	74	166	3	NA	NA	NA	NA	NA	NA	0.0325581395348837
1	101792.062548124	/crex/proj/uppstore2017165/nobackup/alva/scWGBS/K562_Lnuclei_out_hg38/cluster/0_0.95_10000/epi_region/152/cluster_posteriors.tsv.gz	45	165	3	NA	NA	NA	NA	NA	NA	0.0325581395348837
1	97722.6485802645	/crex/proj/uppstore2017165/nobackup/alva/scWGBS/K562_Lnuclei_out_hg38/cluster/0_0.95_10000/epi_region/153/cluster_posteriors.tsv.gz	132	165	5	NA	NA	NA	NA	NA	NA	0
1	97318.7754192595	/crex/proj/uppstore2017165/nobackup/alva/scWGBS/K562_Lnuclei_out_hg38/cluster/0_0.95_10000/epi_region/154/cluster_posteriors.tsv.gz	132	166	5	NA	NA	NA	NA	NA	NA	0
1	101809.547845268	/crex/proj/uppstore2017165/nobackup/alva/scWGBS/K562_Lnuclei_out_hg38/cluster/0_0.95_10000/epi_region/155/cluster_posteriors.tsv.gz	45	165	3	NA	NA	NA	NA	NA	NA	0.0325581395348837
1	121456.619537464	/crex/proj/uppstore2017165/nobackup/alva/scWGBS/K562_Lnuclei_out_hg38/cluster/0_0.95_10000/epi_region/156/cluster_posteriors.tsv.gz	23	165	2	NA	NA	NA	NA	NA	NA	NA
1	101800.067993647	/crex/proj/uppstore2017165/nobackup/alva/scWGBS/K562_Lnuclei_out_hg38/cluster/0_0.95_10000/epi_region/157/cluster_posteriors.tsv.gz	49	165	3	NA	NA	NA	NA	NA	NA	0.0325581395348837
1	121456.682625313	/crex/proj/uppstore2017165/nobackup/alva/scWGBS/K562_Lnuclei_out_hg38/cluster/0_0.95_10000/epi_region/158/cluster_posteriors.tsv.gz	24	165	2	NA	NA	NA	NA	NA	NA	NA
1	97931.8121532136	/crex/proj/uppstore2017165/nobackup/alva/scWGBS/K562_Lnuclei_out_hg38/cluster/0_0.95_10000/epi_region/159/cluster_posteriors.tsv.gz	155	166	8	NA	NA	NA	NA	NA	NA	0
1	95096.5290268391	/crex/proj/uppstore2017165/nobackup/alva/scWGBS/K562_Lnuclei_out_hg38/cluster/0_0.95_10000/epi_region/16/cluster_posteriors.tsv.gz	175	167	6	NA	NA	NA	NA	NA	NA	0.00280898876404494
1	98479.8179868954	/crex/proj/uppstore2017165/nobackup/alva/scWGBS/K562_Lnuclei_out_hg38/cluster/0_0.95_10000/epi_region/160/cluster_posteriors.tsv.gz	148	166	5	NA	NA	NA	NA	NA	NA	0.027027027027027
1	98753.8403450327	/crex/proj/uppstore2017165/nobackup/alva/scWGBS/K562_Lnuclei_out_hg38/cluster/0_0.95_10000/epi_region/161/cluster_posteriors.tsv.gz	114	166	5	NA	NA	NA	NA	NA	NA	0
1	101247.115576911	/crex/proj/uppstore2017165/nobackup/alva/scWGBS/K562_Lnuclei_out_hg38/cluster/0_0.95_10000/epi_region/162/cluster_posteriors.tsv.gz	70	165	4	NA	NA	NA	NA	NA	NA	0.0158730158730159
1	121455.946234318	/crex/proj/uppstore2017165/nobackup/alva/scWGBS/K562_Lnuclei_out_hg38/cluster/0_0.95_10000/epi_region/163/cluster_posteriors.tsv.gz	23	165	2	NA	NA	NA	NA	NA	NA	NA
1	205256.133041842	/crex/proj/uppstore2017165/nobackup/alva/scWGBS/K562_Lnuclei_out_hg38/cluster/0_0.95_10000/epi_region/164/cluster_posteriors.tsv.gz	7	165	1	NA	NA	NA	NA	NA	NA	NA
1	205256.133041842	/crex/proj/uppstore2017165/nobackup/alva/scWGBS/K562_Lnuclei_out_hg38/cluster/0_0.95_10000/epi_region/165/cluster_posteriors.tsv.gz	7	165	1	NA	NA	NA	NA	NA	NA	NA
1	93532.3914027092	/crex/proj/uppstore2017165/nobackup/alva/scWGBS/K562_Lnuclei_out_hg38/cluster/0_0.95_10000/epi_region/166/cluster_posteriors.tsv.gz	263	166	9	NA	NA	NA	NA	NA	NA	0.0135869565217391
1	96510.9768413486	/crex/proj/uppstore2017165/nobackup/alva/scWGBS/K562_Lnuclei_out_hg38/cluster/0_0.95_10000/epi_region/167/cluster_posteriors.tsv.gz	149	166	6	NA	NA	NA	NA	NA	NA	0.0275590551181102
1	121456.682625313	/crex/proj/uppstore2017165/nobackup/alva/scWGBS/K562_Lnuclei_out_hg38/cluster/0_0.95_10000/epi_region/168/cluster_posteriors.tsv.gz	24	165	2	NA	NA	NA	NA	NA	NA	NA
1	96893.9832222192	/crex/proj/uppstore2017165/nobackup/alva/scWGBS/K562_Lnuclei_out_hg38/cluster/0_0.95_10000/epi_region/169/cluster_posteriors.tsv.gz	105	166	5	NA	NA	NA	NA	NA	NA	0.021021021021021
1	95096.5290922695	/crex/proj/uppstore2017165/nobackup/alva/scWGBS/K562_Lnuclei_out_hg38/cluster/0_0.95_10000/epi_region/17/cluster_posteriors.tsv.gz	172	167	6	NA	NA	NA	NA	NA	NA	0.00280898876404494
1	101333.843376195	/crex/proj/uppstore2017165/nobackup/alva/scWGBS/K562_Lnuclei_out_hg38/cluster/0_0.95_10000/epi_region/170/cluster_posteriors.tsv.gz	122	166	4	NA	NA	NA	NA	NA	NA	0.00858369098712446
1	94487.2547561419	/crex/proj/uppstore2017165/nobackup/alva/scWGBS/K562_Lnuclei_out_hg38/cluster/0_0.95_10000/epi_region/171/cluster_posteriors.tsv.gz	288	166	8	NA	NA	NA	NA	NA	NA	0.0119760479041916
1	93737.2554395576	/crex/proj/uppstore2017165/nobackup/alva/scWGBS/K562_Lnuclei_out_hg38/cluster/0_0.95_10000/epi_region/172/cluster_posteriors.tsv.gz	198	166	8	NA	NA	NA	NA	NA	NA	0.0252100840336134
1	101791.437906662	/crex/proj/uppstore2017165/nobackup/alva/scWGBS/K562_Lnuclei_out_hg38/cluster/0_0.95_10000/epi_region/173/cluster_posteriors.tsv.gz	44	165	3	NA	NA	NA	NA	NA	NA	0.0325581395348837
1	101789.453652431	/crex/proj/uppstore2017165/nobackup/alva/scWGBS/K562_Lnuclei_out_hg38/cluster/0_0.95_10000/epi_region/174/cluster_posteriors.tsv.gz	47	165	3	NA	NA	NA	NA	NA	NA	0.0325581395348837
1	95894.2746627736	/crex/proj/uppstore2017165/nobackup/alva/scWGBS/K562_Lnuclei_out_hg38/cluster/0_0.95_10000/epi_region/175/cluster_posteriors.tsv.gz	96	166	5	NA	NA	NA	NA	NA	NA	0.0296610169491525
1	100082.660926189	/crex/proj/uppstore2017165/nobackup/alva/scWGBS/K562_Lnuclei_out_hg38/cluster/0_0.95_10000/epi_region/176/cluster_posteriors.tsv.gz	66	165	4	NA	NA	NA	NA	NA	NA	0.0415512465373961
1	205256.133041842	/crex/proj/uppstore2017165/nobackup/alva/scWGBS/K562_Lnuclei_out_hg38/cluster/0_0.95_10000/epi_region/177/cluster_posteriors.tsv.gz	7	165	1	NA	NA	NA	NA	NA	NA	NA
1	205256.133041842	/crex/proj/uppstore2017165/nobackup/alva/scWGBS/K562_Lnuclei_out_hg38/cluster/0_0.95_10000/epi_region/178/cluster_posteriors.tsv.gz	7	165	1	NA	NA	NA	NA	NA	NA	NA
1	97182.5831701556	/crex/proj/uppstore2017165/nobackup/alva/scWGBS/K562_Lnuclei_out_hg38/cluster/0_0.95_10000/epi_region/179/cluster_posteriors.tsv.gz	138	166	7	NA	NA	NA	NA	NA	NA	0
1	93560.6825607474	/crex/proj/uppstore2017165/nobackup/alva/scWGBS/K562_Lnuclei_out_hg38/cluster/0_0.95_10000/epi_region/18/cluster_posteriors.tsv.gz	157	167	7	NA	NA	NA	NA	NA	NA	0
1	94521.1476300849	/crex/proj/uppstore2017165/nobackup/alva/scWGBS/K562_Lnuclei_out_hg38/cluster/0_0.95_10000/epi_region/180/cluster_posteriors.tsv.gz	207	166	8	NA	NA	NA	NA	NA	NA	0
1	99188.9459465079	/crex/proj/uppstore2017165/nobackup/alva/scWGBS/K562_Lnuclei_out_hg38/cluster/0_0.95_10000/epi_region/181/cluster_posteriors.tsv.gz	158	166	4	NA	NA	NA	NA	NA	NA	0.011070110701107
1	205256.133041842	/crex/proj/uppstore2017165/nobackup/alva/scWGBS/K562_Lnuclei_out_hg38/cluster/0_0.95_10000/epi_region/182/cluster_posteriors.tsv.gz	7	165	1	NA	NA	NA	NA	NA	NA	NA
1	121456.785301281	/crex/proj/uppstore2017165/nobackup/alva/scWGBS/K562_Lnuclei_out_hg38/cluster/0_0.95_10000/epi_region/183/cluster_posteriors.tsv.gz	23	165	2	NA	NA	NA	NA	NA	NA	NA
1	121456.257694111	/crex/proj/uppstore2017165/nobackup/alva/scWGBS/K562_Lnuclei_out_hg38/cluster/0_0.95_10000/epi_region/184/cluster_posteriors.tsv.gz	23	165	2	NA	NA	NA	NA	NA	NA	NA
1	100789.601973945	/crex/proj/uppstore2017165/nobackup/alva/scWGBS/K562_Lnuclei_out_hg38/cluster/0_0.95_10000/epi_region/185/cluster_posteriors.tsv.gz	81	165	4	NA	NA	NA	NA	NA	NA	0.0222929936305732
1	101460.766597756	/crex/proj/uppstore2017165/nobackup/alva/scWGBS/K562_Lnuclei_out_hg38/cluster/0_0.95_10000/epi_region/186/cluster_posteriors.tsv.gz	78	166	4	NA	NA	NA	NA	NA	NA	0.00862068965517241
1	121456.499021451	/crex/proj/uppstore2017165/nobackup/alva/scWGBS/K562_Lnuclei_out_hg38/cluster/0_0.95_10000/epi_region/187/cluster_posteriors.tsv.gz	23	165	2	NA	NA	NA	NA	NA	NA	NA
1	205256.133041842	/crex/proj/uppstore2017165/nobackup/alva/scWGBS/K562_Lnuclei_out_hg38/cluster/0_0.95_10000/epi_region/188/cluster_posteriors.tsv.gz	7	165	1	NA	NA	NA	NA	NA	NA	NA
1	101888.855588279	/crex/proj/uppstore2017165/nobackup/alva/scWGBS/K562_Lnuclei_out_hg38/cluster/0_0.95_10000/epi_region/189/cluster_posteriors.tsv.gz	72	166	4	NA	NA	NA	NA	NA	NA	0.0236486486486486
1	93219.2434861017	/crex/proj/uppstore2017165/nobackup/alva/scWGBS/K562_Lnuclei_out_hg38/cluster/0_0.95_10000/epi_region/19/cluster_posteriors.tsv.gz	201	167	8	NA	NA	NA	NA	NA	NA	0
1	100185.748996634	/crex/proj/uppstore2017165/nobackup/alva/scWGBS/K562_Lnuclei_out_hg38/cluster/0_0.95_10000/epi_region/190/cluster_posteriors.tsv.gz	138	166	6	NA	NA	NA	NA	NA	NA	0
1	95339.7496952865	/crex/proj/uppstore2017165/nobackup/alva/scWGBS/K562_Lnuclei_out_hg38/cluster/0_0.95_10000/epi_region/191/cluster_posteriors.tsv.gz	199	166	9	NA	NA	NA	NA	NA	NA	0.00862068965517241
1	94518.1923417499	/crex/proj/uppstore2017165/nobackup/alva/scWGBS/K562_Lnuclei_out_hg38/cluster/0_0.95_10000/epi_region/192/cluster_posteriors.tsv.gz	184	166	7	NA	NA	NA	NA	NA	NA	0.0164383561643836
1	100948.954757535	/crex/proj/uppstore2017165/nobackup/alva/scWGBS/K562_Lnuclei_out_hg38/cluster/0_0.95_10000/epi_region/193/cluster_posteriors.tsv.gz	84	166	4	NA	NA	NA	NA	NA	NA	0.0236486486486486
1	101649.243465417	/crex/proj/uppstore2017165/nobackup/alva/scWGBS/K562_Lnuclei_out_hg38/cluster/0_0.95_10000/epi_region/194/cluster_posteriors.tsv.gz	74	165	4	NA	NA	NA	NA	NA	NA	0.0175953079178886
1	99532.4455639902	/crex/proj/uppstore2017165/nobackup/alva/scWGBS/K562_Lnuclei_out_hg38/cluster/0_0.95_10000/epi_region/195/cluster_posteriors.tsv.gz	184	166	7	NA	NA	NA	NA	NA	NA	0
1	99274.9229808025	/crex/proj/uppstore2017165/nobackup/alva/scWGBS/K562_Lnuclei_out_hg38/cluster/0_0.95_10000/epi_region/196/cluster_posteriors.tsv.gz	87	166	5	NA	NA	NA	NA	NA	NA	0.0161725067385445
1	99812.2814928639	/crex/proj/uppstore2017165/nobackup/alva/scWGBS/K562_Lnuclei_out_hg38/cluster/0_0.95_10000/epi_region/197/cluster_posteriors.tsv.gz	85	166	5	NA	NA	NA	NA	NA	NA	0.0157232704402516
1	96488.0296545877	/crex/proj/uppstore2017165/nobackup/alva/scWGBS/K562_Lnuclei_out_hg38/cluster/0_0.95_10000/epi_region/198/cluster_posteriors.tsv.gz	157	166	5	NA	NA	NA	NA	NA	NA	0.0268199233716475
1	95471.7416567699	/crex/proj/uppstore2017165/nobackup/alva/scWGBS/K562_Lnuclei_out_hg38/cluster/0_0.95_10000/epi_region/199/cluster_posteriors.tsv.gz	241	166	8	NA	NA	NA	NA	NA	NA	0.00273972602739726
1	101794.628172405	/crex/proj/uppstore2017165/nobackup/alva/scWGBS/K562_Lnuclei_out_hg38/cluster/0_0.95_10000/epi_region/2/cluster_posteriors.tsv.gz	126	167	3	NA	NA	NA	NA	NA	NA	0.0325581395348837
1	209483.729062013	/crex/proj/uppstore2017165/nobackup/alva/scWGBS/K562_Lnuclei_out_hg38/cluster/0_0.95_10000/epi_region/20/cluster_posteriors.tsv.gz	215	167	1	NA	NA	NA	NA	NA	NA	NA
1	101707.441420081	/crex/proj/uppstore2017165/nobackup/alva/scWGBS/K562_Lnuclei_out_hg38/cluster/0_0.95_10000/epi_region/200/cluster_posteriors.tsv.gz	102	166	4	NA	NA	NA	NA	NA	NA	0.0234375
1	205256.133041842	/crex/proj/uppstore2017165/nobackup/alva/scWGBS/K562_Lnuclei_out_hg38/cluster/0_0.95_10000/epi_region/201/cluster_posteriors.tsv.gz	7	165	1	NA	NA	NA	NA	NA	NA	NA
1	205256.133041842	/crex/proj/uppstore2017165/nobackup/alva/scWGBS/K562_Lnuclei_out_hg38/cluster/0_0.95_10000/epi_region/202/cluster_posteriors.tsv.gz	7	165	1	NA	NA	NA	NA	NA	NA	NA
1	205256.133041842	/crex/proj/uppstore2017165/nobackup/alva/scWGBS/K562_Lnuclei_out_hg38/cluster/0_0.95_10000/epi_region/203/cluster_posteriors.tsv.gz	7	165	1	NA	NA	NA	NA	NA	NA	NA
1	100859.965019811	/crex/proj/uppstore2017165/nobackup/alva/scWGBS/K562_Lnuclei_out_hg38/cluster/0_0.95_10000/epi_region/204/cluster_posteriors.tsv.gz	80	166	5	NA	NA	NA	NA	NA	NA	0
1	101542.509125181	/crex/proj/uppstore2017165/nobackup/alva/scWGBS/K562_Lnuclei_out_hg38/cluster/0_0.95_10000/epi_region/205/cluster_posteriors.tsv.gz	64	165	4	NA	NA	NA	NA	NA	NA	0.0168918918918919
1	205256.133041842	/crex/proj/uppstore2017165/nobackup/alva/scWGBS/K562_Lnuclei_out_hg38/cluster/0_0.95_10000/epi_region/206/cluster_posteriors.tsv.gz	7	165	1	NA	NA	NA	NA	NA	NA	NA
1	98265.3045692013	/crex/proj/uppstore2017165/nobackup/alva/scWGBS/K562_Lnuclei_out_hg38/cluster/0_0.95_10000/epi_region/207/cluster_posteriors.tsv.gz	154	166	6	NA	NA	NA	NA	NA	NA	0
1	96636.4875936542	/crex/proj/uppstore2017165/nobackup/alva/scWGBS/K562_Lnuclei_out_hg38/cluster/0_0.95_10000/epi_region/208/cluster_posteriors.tsv.gz	106	166	5	NA	NA	NA	NA	NA	NA	0
1	121456.08017073	/crex/proj/uppstore2017165/nobackup/alva/scWGBS/K562_Lnuclei_out_hg38/cluster/0_0.95_10000/epi_region/209/cluster_posteriors.tsv.gz	23	165	2	NA	NA	NA	NA	NA	NA	NA
1	101745.29736184	/crex/proj/uppstore2017165/nobackup/alva/scWGBS/K562_Lnuclei_out_hg38/cluster/0_0.95_10000/epi_region/21/cluster_posteriors.tsv.gz	130	167	4	NA	NA	NA	NA	NA	NA	0.00641025641025641
1	121456.696195079	/crex/proj/uppstore2017165/nobackup/alva/scWGBS/K562_Lnuclei_out_hg38/cluster/0_0.95_10000/epi_region/210/cluster_posteriors.tsv.gz	23	165	2	NA	NA	NA	NA	NA	NA	NA
1	99719.6840138498	/crex/proj/uppstore2017165/nobackup/alva/scWGBS/K562_Lnuclei_out_hg38/cluster/0_0.95_10000/epi_region/211/cluster_posteriors.tsv.gz	85	166	5	NA	NA	NA	NA	NA	NA	0
1	94960.7160652011	/crex/proj/uppstore2017165/nobackup/alva/scWGBS/K562_Lnuclei_out_hg38/cluster/0_0.95_10000/epi_region/212/cluster_posteriors.tsv.gz	266	166	6	NA	NA	NA	NA	NA	NA	0.0247349823321555
1	101190.772419817	/crex/proj/uppstore2017165/nobackup/alva/scWGBS/K562_Lnuclei_out_hg38/cluster/0_0.95_10000/epi_region/213/cluster_posteriors.tsv.gz	86	166	5	NA	NA	NA	NA	NA	NA	0.00923076923076923
1	205256.133041842	/crex/proj/uppstore2017165/nobackup/alva/scWGBS/K562_Lnuclei_out_hg38/cluster/0_0.95_10000/epi_region/214/cluster_posteriors.tsv.gz	7	165	1	NA	NA	NA	NA	NA	NA	NA
1	94521.1476300849	/crex/proj/uppstore2017165/nobackup/alva/scWGBS/K562_Lnuclei_out_hg38/cluster/0_0.95_10000/epi_region/215/cluster_posteriors.tsv.gz	207	166	8	NA	NA	NA	NA	NA	NA	0
1	121454.576666262	/crex/proj/uppstore2017165/nobackup/alva/scWGBS/K562_Lnuclei_out_hg38/cluster/0_0.95_10000/epi_region/216/cluster_posteriors.tsv.gz	23	165	2	NA	NA	NA	NA	NA	NA	NA
1	94883.3183577716	/crex/proj/uppstore2017165/nobackup/alva/scWGBS/K562_Lnuclei_out_hg38/cluster/0_0.95_10000/epi_region/217/cluster_posteriors.tsv.gz	155	165	7	NA	NA	NA	NA	NA	NA	0.00277008310249307
1	101790.240933316	/crex/proj/uppstore2017165/nobackup/alva/scWGBS/K562_Lnuclei_out_hg38/cluster/0_0.95_10000/epi_region/218/cluster_posteriors.tsv.gz	47	165	3	NA	NA	NA	NA	NA	NA	0.0325581395348837
1	121456.682625313	/crex/proj/uppstore2017165/nobackup/alva/scWGBS/K562_Lnuclei_out_hg38/cluster/0_0.95_10000/epi_region/219/cluster_posteriors.tsv.gz	24	165	2	NA	NA	NA	NA	NA	NA	NA
1	100759.637350283	/crex/proj/uppstore2017165/nobackup/alva/scWGBS/K562_Lnuclei_out_hg38/cluster/0_0.95_10000/epi_region/22/cluster_posteriors.tsv.gz	118	166	6	NA	NA	NA	NA	NA	NA	0
1	101327.379138419	/crex/proj/uppstore2017165/nobackup/alva/scWGBS/K562_Lnuclei_out_hg38/cluster/0_0.95_10000/epi_region/220/cluster_posteriors.tsv.gz	94	166	5	NA	NA	NA	NA	NA	NA	0.0162337662337662
1	121454.576666262	/crex/proj/uppstore2017165/nobackup/alva/scWGBS/K562_Lnuclei_out_hg38/cluster/0_0.95_10000/epi_region/221/cluster_posteriors.tsv.gz	23	165	2	NA	NA	NA	NA	NA	NA	NA
1	101187.698090602	/crex/proj/uppstore2017165/nobackup/alva/scWGBS/K562_Lnuclei_out_hg38/cluster/0_0.95_10000/epi_region/222/cluster_posteriors.tsv.gz	85	166	5	NA	NA	NA	NA	NA	NA	0
1	101782.539147267	/crex/proj/uppstore2017165/nobackup/alva/scWGBS/K562_Lnuclei_out_hg38/cluster/0_0.95_10000/epi_region/223/cluster_posteriors.tsv.gz	47	166	3	NA	NA	NA	NA	NA	NA	0.0325581395348837
1	97563.3368949144	/crex/proj/uppstore2017165/nobackup/alva/scWGBS/K562_Lnuclei_out_hg38/cluster/0_0.95_10000/epi_region/224/cluster_posteriors.tsv.gz	165	166	8	NA	NA	NA	NA	NA	NA	0
1	96586.4050930927	/crex/proj/uppstore2017165/nobackup/alva/scWGBS/K562_Lnuclei_out_hg38/cluster/0_0.95_10000/epi_region/225/cluster_posteriors.tsv.gz	159	166	8	NA	NA	NA	NA	NA	NA	0
1	92824.0193587029	/crex/proj/uppstore2017165/nobackup/alva/scWGBS/K562_Lnuclei_out_hg38/cluster/0_0.95_10000/epi_region/226/cluster_posteriors.tsv.gz	203	166	8	NA	NA	NA	NA	NA	NA	0.0188172043010753
1	101195.750722336	/crex/proj/uppstore2017165/nobackup/alva/scWGBS/K562_Lnuclei_out_hg38/cluster/0_0.95_10000/epi_region/227/cluster_posteriors.tsv.gz	113	166	5	NA	NA	NA	NA	NA	NA	0.00350877192982456
1	205256.133041842	/crex/proj/uppstore2017165/nobackup/alva/scWGBS/K562_Lnuclei_out_hg38/cluster/0_0.95_10000/epi_region/228/cluster_posteriors.tsv.gz	7	165	1	NA	NA	NA	NA	NA	NA	NA
1	100143.179326984	/crex/proj/uppstore2017165/nobackup/alva/scWGBS/K562_Lnuclei_out_hg38/cluster/0_0.95_10000/epi_region/229/cluster_posteriors.tsv.gz	66	165	4	NA	NA	NA	NA	NA	NA	0.0506756756756757
1	96581.5427758037	/crex/proj/uppstore2017165/nobackup/alva/scWGBS/K562_Lnuclei_out_hg38/cluster/0_0.95_10000/epi_region/23/cluster_posteriors.tsv.gz	118	166	6	NA	NA	NA	NA	NA	NA	0.00380228136882129
1	205256.133041842	/crex/proj/uppstore2017165/nobackup/alva/scWGBS/K562_Lnuclei_out_hg38/cluster/0_0.95_10000/epi_region/230/cluster_posteriors.tsv.gz	7	165	1	NA	NA	NA	NA	NA	NA	NA
1	101749.111499471	/crex/proj/uppstore2017165/nobackup/alva/scWGBS/K562_Lnuclei_out_hg38/cluster/0_0.95_10000/epi_region/231/cluster_posteriors.tsv.gz	64	165	4	NA	NA	NA	NA	NA	NA	0.0193548387096774
1	99523.2977725075	/crex/proj/uppstore2017165/nobackup/alva/scWGBS/K562_Lnuclei_out_hg38/cluster/0_0.95_10000/epi_region/232/cluster_posteriors.tsv.gz	123	166	6	NA	NA	NA	NA	NA	NA	0.0140845070422535
1	99791.6434369549	/crex/proj/uppstore2017165/nobackup/alva/scWGBS/K562_Lnuclei_out_hg38/cluster/0_0.95_10000/epi_region/233/cluster_posteriors.tsv.gz	126	166	5	NA	NA	NA	NA	NA	NA	0
1	121456.682625313	/crex/proj/uppstore2017165/nobackup/alva/scWGBS/K562_Lnuclei_out_hg38/cluster/0_0.95_10000/epi_region/234/cluster_posteriors.tsv.gz	24	165	2	NA	NA	NA	NA	NA	NA	NA
1	96501.723699293	/crex/proj/uppstore2017165/nobackup/alva/scWGBS/K562_Lnuclei_out_hg38/cluster/0_0.95_10000/epi_region/235/cluster_posteriors.tsv.gz	212	166	7	NA	NA	NA	NA	NA	NA	0.00864553314121038
1	97052.9515221975	/crex/proj/uppstore2017165/nobackup/alva/scWGBS/K562_Lnuclei_out_hg38/cluster/0_0.95_10000/epi_region/236/cluster_posteriors.tsv.gz	130	166	6	NA	NA	NA	NA	NA	NA	0
1	101790.801500707	/crex/proj/uppstore2017165/nobackup/alva/scWGBS/K562_Lnuclei_out_hg38/cluster/0_0.95_10000/epi_region/237/cluster_posteriors.tsv.gz	45	165	3	NA	NA	NA	NA	NA	NA	0.0325581395348837
1	97249.1465125469	/crex/proj/uppstore2017165/nobackup/alva/scWGBS/K562_Lnuclei_out_hg38/cluster/0_0.95_10000/epi_region/238/cluster_posteriors.tsv.gz	172	166	7	NA	NA	NA	NA	NA	NA	0.0133333333333333
1	100672.032926316	/crex/proj/uppstore2017165/nobackup/alva/scWGBS/K562_Lnuclei_out_hg38/cluster/0_0.95_10000/epi_region/239/cluster_posteriors.tsv.gz	82	166	5	NA	NA	NA	NA	NA	NA	0
1	94521.1476300849	/crex/proj/uppstore2017165/nobackup/alva/scWGBS/K562_Lnuclei_out_hg38/cluster/0_0.95_10000/epi_region/24/cluster_posteriors.tsv.gz	207	166	8	NA	NA	NA	NA	NA	NA	0
1	98157.7375408089	/crex/proj/uppstore2017165/nobackup/alva/scWGBS/K562_Lnuclei_out_hg38/cluster/0_0.95_10000/epi_region/240/cluster_posteriors.tsv.gz	67	165	4	NA	NA	NA	NA	NA	NA	0.0347826086956522
1	92317.455334843	/crex/proj/uppstore2017165/nobackup/alva/scWGBS/K562_Lnuclei_out_hg38/cluster/0_0.95_10000/epi_region/241/cluster_posteriors.tsv.gz	157	166	8	NA	NA	NA	NA	NA	NA	0.032520325203252
1	121456.499021451	/crex/proj/uppstore2017165/nobackup/alva/scWGBS/K562_Lnuclei_out_hg38/cluster/0_0.95_10000/epi_region/242/cluster_posteriors.tsv.gz	23	165	2	NA	NA	NA	NA	NA	NA	NA
1	93737.2554395576	/crex/proj/uppstore2017165/nobackup/alva/scWGBS/K562_Lnuclei_out_hg38/cluster/0_0.95_10000/epi_region/243/cluster_posteriors.tsv.gz	196	166	8	NA	NA	NA	NA	NA	NA	0.0252100840336134
1	94009.2607070485	/crex/proj/uppstore2017165/nobackup/alva/scWGBS/K562_Lnuclei_out_hg38/cluster/0_0.95_10000/epi_region/244/cluster_posteriors.tsv.gz	163	166	7	NA	NA	NA	NA	NA	NA	0.00337837837837838
1	99751.7015563265	/crex/proj/uppstore2017165/nobackup/alva/scWGBS/K562_Lnuclei_out_hg38/cluster/0_0.95_10000/epi_region/245/cluster_posteriors.tsv.gz	103	166	4	NA	NA	NA	NA	NA	NA	0.00395256916996047
1	101793.897141883	/crex/proj/uppstore2017165/nobackup/alva/scWGBS/K562_Lnuclei_out_hg38/cluster/0_0.95_10000/epi_region/246/cluster_posteriors.tsv.gz	45	165	3	NA	NA	NA	NA	NA	NA	0.0325581395348837
1	96696.9208685691	/crex/proj/uppstore2017165/nobackup/alva/scWGBS/K562_Lnuclei_out_hg38/cluster/0_0.95_10000/epi_region/247/cluster_posteriors.tsv.gz	136	166	7	NA	NA	NA	NA	NA	NA	0.00293255131964809
1	205256.133041842	/crex/proj/uppstore2017165/nobackup/alva/scWGBS/K562_Lnuclei_out_hg38/cluster/0_0.95_10000/epi_region/248/cluster_posteriors.tsv.gz	7	165	1	NA	NA	NA	NA	NA	NA	NA
1	99751.7015563265	/crex/proj/uppstore2017165/nobackup/alva/scWGBS/K562_Lnuclei_out_hg38/cluster/0_0.95_10000/epi_region/249/cluster_posteriors.tsv.gz	103	166	4	NA	NA	NA	NA	NA	NA	0.00395256916996047
1	205256.133041842	/crex/proj/uppstore2017165/nobackup/alva/scWGBS/K562_Lnuclei_out_hg38/cluster/0_0.95_10000/epi_region/25/cluster_posteriors.tsv.gz	7	165	1	NA	NA	NA	NA	NA	NA	NA
1	99140.5357796723	/crex/proj/uppstore2017165/nobackup/alva/scWGBS/K562_Lnuclei_out_hg38/cluster/0_0.95_10000/epi_region/250/cluster_posteriors.tsv.gz	149	166	6	NA	NA	NA	NA	NA	NA	0
1	101800.452049663	/crex/proj/uppstore2017165/nobackup/alva/scWGBS/K562_Lnuclei_out_hg38/cluster/0_0.95_10000/epi_region/251/cluster_posteriors.tsv.gz	71	165	3	NA	NA	NA	NA	NA	NA	0.0325581395348837
1	101796.685471666	/crex/proj/uppstore2017165/nobackup/alva/scWGBS/K562_Lnuclei_out_hg38/cluster/0_0.95_10000/epi_region/252/cluster_posteriors.tsv.gz	50	165	3	NA	NA	NA	NA	NA	NA	0.0325581395348837
1	205256.133041842	/crex/proj/uppstore2017165/nobackup/alva/scWGBS/K562_Lnuclei_out_hg38/cluster/0_0.95_10000/epi_region/253/cluster_posteriors.tsv.gz	7	165	1	NA	NA	NA	NA	NA	NA	NA
1	97592.065577479	/crex/proj/uppstore2017165/nobackup/alva/scWGBS/K562_Lnuclei_out_hg38/cluster/0_0.95_10000/epi_region/254/cluster_posteriors.tsv.gz	169	165	8	NA	NA	NA	NA	NA	NA	0.003003003003003
1	101802.94055803	/crex/proj/uppstore2017165/nobackup/alva/scWGBS/K562_Lnuclei_out_hg38/cluster/0_0.95_10000/epi_region/255/cluster_posteriors.tsv.gz	65	165	3	NA	NA	NA	NA	NA	NA	0.0325581395348837
1	97212.780757682	/crex/proj/uppstore2017165/nobackup/alva/scWGBS/K562_Lnuclei_out_hg38/cluster/0_0.95_10000/epi_region/256/cluster_posteriors.tsv.gz	157	166	6	NA	NA	NA	NA	NA	NA	0.00554016620498615
1	97310.7713848508	/crex/proj/uppstore2017165/nobackup/alva/scWGBS/K562_Lnuclei_out_hg38/cluster/0_0.95_10000/epi_region/257/cluster_posteriors.tsv.gz	118	166	6	NA	NA	NA	NA	NA	NA	0
1	121456.334491167	/crex/proj/uppstore2017165/nobackup/alva/scWGBS/K562_Lnuclei_out_hg38/cluster/0_0.95_10000/epi_region/258/cluster_posteriors.tsv.gz	23	166	2	NA	NA	NA	NA	NA	NA	NA
1	99751.7015563265	/crex/proj/uppstore2017165/nobackup/alva/scWGBS/K562_Lnuclei_out_hg38/cluster/0_0.95_10000/epi_region/259/cluster_posteriors.tsv.gz	103	166	4	NA	NA	NA	NA	NA	NA	0.00395256916996047
1	101199.232195843	/crex/proj/uppstore2017165/nobackup/alva/scWGBS/K562_Lnuclei_out_hg38/cluster/0_0.95_10000/epi_region/26/cluster_posteriors.tsv.gz	102	166	5	NA	NA	NA	NA	NA	NA	0.00308641975308642
1	121457.000127204	/crex/proj/uppstore2017165/nobackup/alva/scWGBS/K562_Lnuclei_out_hg38/cluster/0_0.95_10000/epi_region/260/cluster_posteriors.tsv.gz	25	165	2	NA	NA	NA	NA	NA	NA	NA
1	100135.314374844	/crex/proj/uppstore2017165/nobackup/alva/scWGBS/K562_Lnuclei_out_hg38/cluster/0_0.95_10000/epi_region/261/cluster_posteriors.tsv.gz	115	166	5	NA	NA	NA	NA	NA	NA	0.00821917808219178
1	101801.240517746	/crex/proj/uppstore2017165/nobackup/alva/scWGBS/K562_Lnuclei_out_hg38/cluster/0_0.95_10000/epi_region/262/cluster_posteriors.tsv.gz	51	165	3	NA	NA	NA	NA	NA	NA	0.0325581395348837
1	101253.692441185	/crex/proj/uppstore2017165/nobackup/alva/scWGBS/K562_Lnuclei_out_hg38/cluster/0_0.95_10000/epi_region/263/cluster_posteriors.tsv.gz	97	166	4	NA	NA	NA	NA	NA	NA	0.0200803212851406
1	97944.4728795653	/crex/proj/uppstore2017165/nobackup/alva/scWGBS/K562_Lnuclei_out_hg38/cluster/0_0.95_10000/epi_region/264/cluster_posteriors.tsv.gz	107	166	5	NA	NA	NA	NA	NA	NA	0.00403225806451613
1	100313.689281414	/crex/proj/uppstore2017165/nobackup/alva/scWGBS/K562_Lnuclei_out_hg38/cluster/0_0.95_10000/epi_region/265/cluster_posteriors.tsv.gz	97	166	5	NA	NA	NA	NA	NA	NA	0.00862068965517241
1	205256.133041842	/crex/proj/uppstore2017165/nobackup/alva/scWGBS/K562_Lnuclei_out_hg38/cluster/0_0.95_10000/epi_region/266/cluster_posteriors.tsv.gz	7	165	1	NA	NA	NA	NA	NA	NA	NA
1	101800.452049663	/crex/proj/uppstore2017165/nobackup/alva/scWGBS/K562_Lnuclei_out_hg38/cluster/0_0.95_10000/epi_region/267/cluster_posteriors.tsv.gz	71	165	3	NA	NA	NA	NA	NA	NA	0.0325581395348837
1	93177.6568618576	/crex/proj/uppstore2017165/nobackup/alva/scWGBS/K562_Lnuclei_out_hg38/cluster/0_0.95_10000/epi_region/268/cluster_posteriors.tsv.gz	153	166	6	NA	NA	NA	NA	NA	NA	0.023728813559322
1	95974.4876113897	/crex/proj/uppstore2017165/nobackup/alva/scWGBS/K562_Lnuclei_out_hg38/cluster/0_0.95_10000/epi_region/269/cluster_posteriors.tsv.gz	148	166	6	NA	NA	NA	NA	NA	NA	0
1	205256.133041842	/crex/proj/uppstore2017165/nobackup/alva/scWGBS/K562_Lnuclei_out_hg38/cluster/0_0.95_10000/epi_region/27/cluster_posteriors.tsv.gz	7	165	1	NA	NA	NA	NA	NA	NA	NA
1	121455.322879408	/crex/proj/uppstore2017165/nobackup/alva/scWGBS/K562_Lnuclei_out_hg38/cluster/0_0.95_10000/epi_region/270/cluster_posteriors.tsv.gz	23	165	2	NA	NA	NA	NA	NA	NA	NA
1	121455.757677423	/crex/proj/uppstore2017165/nobackup/alva/scWGBS/K562_Lnuclei_out_hg38/cluster/0_0.95_10000/epi_region/271/cluster_posteriors.tsv.gz	24	165	2	NA	NA	NA	NA	NA	NA	NA
1	101127.259291192	/crex/proj/uppstore2017165/nobackup/alva/scWGBS/K562_Lnuclei_out_hg38/cluster/0_0.95_10000/epi_region/272/cluster_posteriors.tsv.gz	147	166	6	NA	NA	NA	NA	NA	NA	0
1	205256.133041842	/crex/proj/uppstore2017165/nobackup/alva/scWGBS/K562_Lnuclei_out_hg38/cluster/0_0.95_10000/epi_region/273/cluster_posteriors.tsv.gz	7	165	1	NA	NA	NA	NA	NA	NA	NA
1	121456.682625313	/crex/proj/uppstore2017165/nobackup/alva/scWGBS/K562_Lnuclei_out_hg38/cluster/0_0.95_10000/epi_region/274/cluster_posteriors.tsv.gz	24	165	2	NA	NA	NA	NA	NA	NA	NA
1	205256.133041842	/crex/proj/uppstore2017165/nobackup/alva/scWGBS/K562_Lnuclei_out_hg38/cluster/0_0.95_10000/epi_region/275/cluster_posteriors.tsv.gz	7	165	1	NA	NA	NA	NA	NA	NA	NA
1	101838.813539367	/crex/proj/uppstore2017165/nobackup/alva/scWGBS/K562_Lnuclei_out_hg38/cluster/0_0.95_10000/epi_region/276/cluster_posteriors.tsv.gz	46	165	3	NA	NA	NA	NA	NA	NA	0.0288065843621399
1	100039.936656707	/crex/proj/uppstore2017165/nobackup/alva/scWGBS/K562_Lnuclei_out_hg38/cluster/0_0.95_10000/epi_region/277/cluster_posteriors.tsv.gz	137	166	5	NA	NA	NA	NA	NA	NA	0
1	95491.1275057054	/crex/proj/uppstore2017165/nobackup/alva/scWGBS/K562_Lnuclei_out_hg38/cluster/0_0.95_10000/epi_region/278/cluster_posteriors.tsv.gz	134	166	7	NA	NA	NA	NA	NA	NA	0
1	101789.808448944	/crex/proj/uppstore2017165/nobackup/alva/scWGBS/K562_Lnuclei_out_hg38/cluster/0_0.95_10000/epi_region/279/cluster_posteriors.tsv.gz	47	165	3	NA	NA	NA	NA	NA	NA	0.0325581395348837
1	101283.624070531	/crex/proj/uppstore2017165/nobackup/alva/scWGBS/K562_Lnuclei_out_hg38/cluster/0_0.95_10000/epi_region/28/cluster_posteriors.tsv.gz	81	166	5	NA	NA	NA	NA	NA	NA	0.0129449838187702
1	96734.9430510368	/crex/proj/uppstore2017165/nobackup/alva/scWGBS/K562_Lnuclei_out_hg38/cluster/0_0.95_10000/epi_region/280/cluster_posteriors.tsv.gz	179	166	8	NA	NA	NA	NA	NA	NA	0
1	205256.133041842	/crex/proj/uppstore2017165/nobackup/alva/scWGBS/K562_Lnuclei_out_hg38/cluster/0_0.95_10000/epi_region/281/cluster_posteriors.tsv.gz	7	165	1	NA	NA	NA	NA	NA	NA	NA
1	121456.479798353	/crex/proj/uppstore2017165/nobackup/alva/scWGBS/K562_Lnuclei_out_hg38/cluster/0_0.95_10000/epi_region/282/cluster_posteriors.tsv.gz	23	165	2	NA	NA	NA	NA	NA	NA	NA
1	121030.765238652	/crex/proj/uppstore2017165/nobackup/alva/scWGBS/K562_Lnuclei_out_hg38/cluster/0_0.95_10000/epi_region/283/cluster_posteriors.tsv.gz	41	166	3	NA	NA	NA	NA	NA	NA	0
1	101365.179406648	/crex/proj/uppstore2017165/nobackup/alva/scWGBS/K562_Lnuclei_out_hg38/cluster/0_0.95_10000/epi_region/284/cluster_posteriors.tsv.gz	72	165	4	NA	NA	NA	NA	NA	NA	0.0212765957446809
1	100079.17384797	/crex/proj/uppstore2017165/nobackup/alva/scWGBS/K562_Lnuclei_out_hg38/cluster/0_0.95_10000/epi_region/285/cluster_posteriors.tsv.gz	82	166	5	NA	NA	NA	NA	NA	NA	0.0160771704180064
1	101791.173633479	/crex/proj/uppstore2017165/nobackup/alva/scWGBS/K562_Lnuclei_out_hg38/cluster/0_0.95_10000/epi_region/286/cluster_posteriors.tsv.gz	47	165	3	NA	NA	NA	NA	NA	NA	0.0325581395348837
1	94726.8451884196	/crex/proj/uppstore2017165/nobackup/alva/scWGBS/K562_Lnuclei_out_hg38/cluster/0_0.95_10000/epi_region/287/cluster_posteriors.tsv.gz	179	166	8	NA	NA	NA	NA	NA	NA	0.0152439024390244
1	101287.450200556	/crex/proj/uppstore2017165/nobackup/alva/scWGBS/K562_Lnuclei_out_hg38/cluster/0_0.95_10000/epi_region/288/cluster_posteriors.tsv.gz	66	165	4	NA	NA	NA	NA	NA	NA	0.023728813559322
1	205256.133041842	/crex/proj/uppstore2017165/nobackup/alva/scWGBS/K562_Lnuclei_out_hg38/cluster/0_0.95_10000/epi_region/289/cluster_posteriors.tsv.gz	7	165	1	NA	NA	NA	NA	NA	NA	NA
1	121456.682625313	/crex/proj/uppstore2017165/nobackup/alva/scWGBS/K562_Lnuclei_out_hg38/cluster/0_0.95_10000/epi_region/29/cluster_posteriors.tsv.gz	23	165	2	NA	NA	NA	NA	NA	NA	NA
1	99719.6840138498	/crex/proj/uppstore2017165/nobackup/alva/scWGBS/K562_Lnuclei_out_hg38/cluster/0_0.95_10000/epi_region/290/cluster_posteriors.tsv.gz	85	166	5	NA	NA	NA	NA	NA	NA	0
1	96181.3450777594	/crex/proj/uppstore2017165/nobackup/alva/scWGBS/K562_Lnuclei_out_hg38/cluster/0_0.95_10000/epi_region/291/cluster_posteriors.tsv.gz	205	166	6	NA	NA	NA	NA	NA	NA	0.0247349823321555
1	100302.355146903	/crex/proj/uppstore2017165/nobackup/alva/scWGBS/K562_Lnuclei_out_hg38/cluster/0_0.95_10000/epi_region/292/cluster_posteriors.tsv.gz	116	166	4	NA	NA	NA	NA	NA	NA	0.0120967741935484
1	101802.793170982	/crex/proj/uppstore2017165/nobackup/alva/scWGBS/K562_Lnuclei_out_hg38/cluster/0_0.95_10000/epi_region/293/cluster_posteriors.tsv.gz	68	165	3	NA	NA	NA	NA	NA	NA	0.0325581395348837
1	121454.062473124	/crex/proj/uppstore2017165/nobackup/alva/scWGBS/K562_Lnuclei_out_hg38/cluster/0_0.95_10000/epi_region/294/cluster_posteriors.tsv.gz	23	165	2	NA	NA	NA	NA	NA	NA	NA
1	97850.8530069176	/crex/proj/uppstore2017165/nobackup/alva/scWGBS/K562_Lnuclei_out_hg38/cluster/0_0.95_10000/epi_region/295/cluster_posteriors.tsv.gz	142	165	7	NA	NA	NA	NA	NA	NA	0.00292397660818713
1	205256.133041842	/crex/proj/uppstore2017165/nobackup/alva/scWGBS/K562_Lnuclei_out_hg38/cluster/0_0.95_10000/epi_region/296/cluster_posteriors.tsv.gz	7	165	1	NA	NA	NA	NA	NA	NA	NA
1	95674.3830651827	/crex/proj/uppstore2017165/nobackup/alva/scWGBS/K562_Lnuclei_out_hg38/cluster/0_0.95_10000/epi_region/297/cluster_posteriors.tsv.gz	131	166	7	NA	NA	NA	NA	NA	NA	0.00857142857142857
1	101797.432752191	/crex/proj/uppstore2017165/nobackup/alva/scWGBS/K562_Lnuclei_out_hg38/cluster/0_0.95_10000/epi_region/298/cluster_posteriors.tsv.gz	58	166	3	NA	NA	NA	NA	NA	NA	0.0325581395348837
1	99377.0497391494	/crex/proj/uppstore2017165/nobackup/alva/scWGBS/K562_Lnuclei_out_hg38/cluster/0_0.95_10000/epi_region/299/cluster_posteriors.tsv.gz	169	166	7	NA	NA	NA	NA	NA	NA	0
1	101758.989549651	/crex/proj/uppstore2017165/nobackup/alva/scWGBS/K562_Lnuclei_out_hg38/cluster/0_0.95_10000/epi_region/3/cluster_posteriors.tsv.gz	130	167	4	NA	NA	NA	NA	NA	NA	0.00964630225080386
1	101313.960812165	/crex/proj/uppstore2017165/nobackup/alva/scWGBS/K562_Lnuclei_out_hg38/cluster/0_0.95_10000/epi_region/30/cluster_posteriors.tsv.gz	110	166	6	NA	NA	NA	NA	NA	NA	0.00302114803625378
1	96799.2681342942	/crex/proj/uppstore2017165/nobackup/alva/scWGBS/K562_Lnuclei_out_hg38/cluster/0_0.95_10000/epi_region/300/cluster_posteriors.tsv.gz	203	166	7	NA	NA	NA	NA	NA	NA	0
1	96123.5243458394	/crex/proj/uppstore2017165/nobackup/alva/scWGBS/K562_Lnuclei_out_hg38/cluster/0_0.95_10000/epi_region/301/cluster_posteriors.tsv.gz	323	166	7	NA	NA	NA	NA	NA	NA	0
1	101799.89133649	/crex/proj/uppstore2017165/nobackup/alva/scWGBS/K562_Lnuclei_out_hg38/cluster/0_0.95_10000/epi_region/302/cluster_posteriors.tsv.gz	51	165	3	NA	NA	NA	NA	NA	NA	0.0325581395348837
1	119985.379102457	/crex/proj/uppstore2017165/nobackup/alva/scWGBS/K562_Lnuclei_out_hg38/cluster/0_0.95_10000/epi_region/303/cluster_posteriors.tsv.gz	40	165	3	NA	NA	NA	NA	NA	NA	0.114942528735632
1	101846.720044501	/crex/proj/uppstore2017165/nobackup/alva/scWGBS/K562_Lnuclei_out_hg38/cluster/0_0.95_10000/epi_region/304/cluster_posteriors.tsv.gz	47	165	3	NA	NA	NA	NA	NA	NA	0.0328638497652582
1	92467.2455708458	/crex/proj/uppstore2017165/nobackup/alva/scWGBS/K562_Lnuclei_out_hg38/cluster/0_0.95_10000/epi_region/305/cluster_posteriors.tsv.gz	193	166	8	NA	NA	NA	NA	NA	NA	0.0328767123287671
1	121456.236697308	/crex/proj/uppstore2017165/nobackup/alva/scWGBS/K562_Lnuclei_out_hg38/cluster/0_0.95_10000/epi_region/306/cluster_posteriors.tsv.gz	23	165	2	NA	NA	NA	NA	NA	NA	NA
1	101607.131390848	/crex/proj/uppstore2017165/nobackup/alva/scWGBS/K562_Lnuclei_out_hg38/cluster/0_0.95_10000/epi_region/307/cluster_posteriors.tsv.gz	103	166	4	NA	NA	NA	NA	NA	NA	0.0126582278481013
1	100808.790028909	/crex/proj/uppstore2017165/nobackup/alva/scWGBS/K562_Lnuclei_out_hg38/cluster/0_0.95_10000/epi_region/308/cluster_posteriors.tsv.gz	116	166	7	NA	NA	NA	NA	NA	NA	0.00292397660818713
1	121455.293992468	/crex/proj/uppstore2017165/nobackup/alva/scWGBS/K562_Lnuclei_out_hg38/cluster/0_0.95_10000/epi_region/309/cluster_posteriors.tsv.gz	23	165	2	NA	NA	NA	NA	NA	NA	NA
1	99670.2576893961	/crex/proj/uppstore2017165/nobackup/alva/scWGBS/K562_Lnuclei_out_hg38/cluster/0_0.95_10000/epi_region/31/cluster_posteriors.tsv.gz	73	165	4	NA	NA	NA	NA	NA	NA	0.00847457627118644
1	97591.2887060538	/crex/proj/uppstore2017165/nobackup/alva/scWGBS/K562_Lnuclei_out_hg38/cluster/0_0.95_10000/epi_region/310/cluster_posteriors.tsv.gz	189	166	6	NA	NA	NA	NA	NA	NA	0
1	100080.99252833	/crex/proj/uppstore2017165/nobackup/alva/scWGBS/K562_Lnuclei_out_hg38/cluster/0_0.95_10000/epi_region/311/cluster_posteriors.tsv.gz	161	166	7	NA	NA	NA	NA	NA	NA	0
1	99321.1005016961	/crex/proj/uppstore2017165/nobackup/alva/scWGBS/K562_Lnuclei_out_hg38/cluster/0_0.95_10000/epi_region/312/cluster_posteriors.tsv.gz	94	166	4	NA	NA	NA	NA	NA	NA	0.00711743772241993
1	100251.478389703	/crex/proj/uppstore2017165/nobackup/alva/scWGBS/K562_Lnuclei_out_hg38/cluster/0_0.95_10000/epi_region/313/cluster_posteriors.tsv.gz	65	165	4	NA	NA	NA	NA	NA	NA	0.0439189189189189
1	99623.0144713861	/crex/proj/uppstore2017165/nobackup/alva/scWGBS/K562_Lnuclei_out_hg38/cluster/0_0.95_10000/epi_region/314/cluster_posteriors.tsv.gz	86	166	5	NA	NA	NA	NA	NA	NA	0.0161290322580645
1	121456.357830182	/crex/proj/uppstore2017165/nobackup/alva/scWGBS/K562_Lnuclei_out_hg38/cluster/0_0.95_10000/epi_region/315/cluster_posteriors.tsv.gz	23	165	2	NA	NA	NA	NA	NA	NA	NA
1	101789.974264314	/crex/proj/uppstore2017165/nobackup/alva/scWGBS/K562_Lnuclei_out_hg38/cluster/0_0.95_10000/epi_region/316/cluster_posteriors.tsv.gz	49	165	3	NA	NA	NA	NA	NA	NA	0.0325581395348837
1	121456.152790908	/crex/proj/uppstore2017165/nobackup/alva/scWGBS/K562_Lnuclei_out_hg38/cluster/0_0.95_10000/epi_region/317/cluster_posteriors.tsv.gz	23	165	2	NA	NA	NA	NA	NA	NA	NA
1	96383.9237550548	/crex/proj/uppstore2017165/nobackup/alva/scWGBS/K562_Lnuclei_out_hg38/cluster/0_0.95_10000/epi_region/318/cluster_posteriors.tsv.gz	130	166	7	NA	NA	NA	NA	NA	NA	0.00645161290322581
1	94726.8451884196	/crex/proj/uppstore2017165/nobackup/alva/scWGBS/K562_Lnuclei_out_hg38/cluster/0_0.95_10000/epi_region/319/cluster_posteriors.tsv.gz	177	166	8	NA	NA	NA	NA	NA	NA	0.0152439024390244
1	205256.133041842	/crex/proj/uppstore2017165/nobackup/alva/scWGBS/K562_Lnuclei_out_hg38/cluster/0_0.95_10000/epi_region/32/cluster_posteriors.tsv.gz	7	165	1	NA	NA	NA	NA	NA	NA	NA
1	121455.441562149	/crex/proj/uppstore2017165/nobackup/alva/scWGBS/K562_Lnuclei_out_hg38/cluster/0_0.95_10000/epi_region/320/cluster_posteriors.tsv.gz	24	165	2	NA	NA	NA	NA	NA	NA	NA
1	205256.133041842	/crex/proj/uppstore2017165/nobackup/alva/scWGBS/K562_Lnuclei_out_hg38/cluster/0_0.95_10000/epi_region/321/cluster_posteriors.tsv.gz	7	165	1	NA	NA	NA	NA	NA	NA	NA
1	97938.5493911124	/crex/proj/uppstore2017165/nobackup/alva/scWGBS/K562_Lnuclei_out_hg38/cluster/0_0.95_10000/epi_region/322/cluster_posteriors.tsv.gz	178	166	8	NA	NA	NA	NA	NA	NA	0
1	205256.133041842	/crex/proj/uppstore2017165/nobackup/alva/scWGBS/K562_Lnuclei_out_hg38/cluster/0_0.95_10000/epi_region/323/cluster_posteriors.tsv.gz	7	165	1	NA	NA	NA	NA	NA	NA	NA
1	100941.088144546	/crex/proj/uppstore2017165/nobackup/alva/scWGBS/K562_Lnuclei_out_hg38/cluster/0_0.95_10000/epi_region/324/cluster_posteriors.tsv.gz	120	166	6	NA	NA	NA	NA	NA	NA	0
1	98905.1573904913	/crex/proj/uppstore2017165/nobackup/alva/scWGBS/K562_Lnuclei_out_hg38/cluster/0_0.95_10000/epi_region/325/cluster_posteriors.tsv.gz	127	166	7	NA	NA	NA	NA	NA	NA	0.00920245398773006
1	100113.887064296	/crex/proj/uppstore2017165/nobackup/alva/scWGBS/K562_Lnuclei_out_hg38/cluster/0_0.95_10000/epi_region/326/cluster_posteriors.tsv.gz	135	166	5	NA	NA	NA	NA	NA	NA	0.00662251655629139
1	205256.133041842	/crex/proj/uppstore2017165/nobackup/alva/scWGBS/K562_Lnuclei_out_hg38/cluster/0_0.95_10000/epi_region/327/cluster_posteriors.tsv.gz	7	165	1	NA	NA	NA	NA	NA	NA	NA
1	121456.373961227	/crex/proj/uppstore2017165/nobackup/alva/scWGBS/K562_Lnuclei_out_hg38/cluster/0_0.95_10000/epi_region/328/cluster_posteriors.tsv.gz	23	165	2	NA	NA	NA	NA	NA	NA	NA
1	96378.6287562552	/crex/proj/uppstore2017165/nobackup/alva/scWGBS/K562_Lnuclei_out_hg38/cluster/0_0.95_10000/epi_region/329/cluster_posteriors.tsv.gz	220	166	7	NA	NA	NA	NA	NA	NA	0
1	205256.133041842	/crex/proj/uppstore2017165/nobackup/alva/scWGBS/K562_Lnuclei_out_hg38/cluster/0_0.95_10000/epi_region/33/cluster_posteriors.tsv.gz	7	165	1	NA	NA	NA	NA	NA	NA	NA
1	121456.199455399	/crex/proj/uppstore2017165/nobackup/alva/scWGBS/K562_Lnuclei_out_hg38/cluster/0_0.95_10000/epi_region/330/cluster_posteriors.tsv.gz	24	165	2	NA	NA	NA	NA	NA	NA	NA
1	97338.7732225951	/crex/proj/uppstore2017165/nobackup/alva/scWGBS/K562_Lnuclei_out_hg38/cluster/0_0.95_10000/epi_region/331/cluster_posteriors.tsv.gz	190	166	7	NA	NA	NA	NA	NA	NA	0.00840336134453781
1	98295.2957975985	/crex/proj/uppstore2017165/nobackup/alva/scWGBS/K562_Lnuclei_out_hg38/cluster/0_0.95_10000/epi_region/332/cluster_posteriors.tsv.gz	127	166	7	NA	NA	NA	NA	NA	NA	0
1	101894.452569063	/crex/proj/uppstore2017165/nobackup/alva/scWGBS/K562_Lnuclei_out_hg38/cluster/0_0.95_10000/epi_region/333/cluster_posteriors.tsv.gz	70	166	3	NA	NA	NA	NA	NA	NA	0.0328638497652582
1	121456.258485707	/crex/proj/uppstore2017165/nobackup/alva/scWGBS/K562_Lnuclei_out_hg38/cluster/0_0.95_10000/epi_region/334/cluster_posteriors.tsv.gz	23	166	2	NA	NA	NA	NA	NA	NA	NA
1	94521.1476300849	/crex/proj/uppstore2017165/nobackup/alva/scWGBS/K562_Lnuclei_out_hg38/cluster/0_0.95_10000/epi_region/335/cluster_posteriors.tsv.gz	207	166	8	NA	NA	NA	NA	NA	NA	0
1	97547.9400885654	/crex/proj/uppstore2017165/nobackup/alva/scWGBS/K562_Lnuclei_out_hg38/cluster/0_0.95_10000/epi_region/336/cluster_posteriors.tsv.gz	111	166	6	NA	NA	NA	NA	NA	NA	0
1	95884.4945553002	/crex/proj/uppstore2017165/nobackup/alva/scWGBS/K562_Lnuclei_out_hg38/cluster/0_0.95_10000/epi_region/337/cluster_posteriors.tsv.gz	168	166	6	NA	NA	NA	NA	NA	NA	0.023728813559322
1	96972.8259087573	/crex/proj/uppstore2017165/nobackup/alva/scWGBS/K562_Lnuclei_out_hg38/cluster/0_0.95_10000/epi_region/338/cluster_posteriors.tsv.gz	146	166	6	NA	NA	NA	NA	NA	NA	0.0168539325842697
1	121455.298494638	/crex/proj/uppstore2017165/nobackup/alva/scWGBS/K562_Lnuclei_out_hg38/cluster/0_0.95_10000/epi_region/339/cluster_posteriors.tsv.gz	23	165	2	NA	NA	NA	NA	NA	NA	NA
1	101759.502708675	/crex/proj/uppstore2017165/nobackup/alva/scWGBS/K562_Lnuclei_out_hg38/cluster/0_0.95_10000/epi_region/34/cluster_posteriors.tsv.gz	61	165	4	NA	NA	NA	NA	NA	NA	0.0202702702702703
1	101802.793170982	/crex/proj/uppstore2017165/nobackup/alva/scWGBS/K562_Lnuclei_out_hg38/cluster/0_0.95_10000/epi_region/340/cluster_posteriors.tsv.gz	67	165	3	NA	NA	NA	NA	NA	NA	0.0325581395348837
1	98477.9000399141	/crex/proj/uppstore2017165/nobackup/alva/scWGBS/K562_Lnuclei_out_hg38/cluster/0_0.95_10000/epi_region/341/cluster_posteriors.tsv.gz	192	166	8	NA	NA	NA	NA	NA	NA	0
1	101798.05099753	/crex/proj/uppstore2017165/nobackup/alva/scWGBS/K562_Lnuclei_out_hg38/cluster/0_0.95_10000/epi_region/342/cluster_posteriors.tsv.gz	65	165	4	NA	NA	NA	NA	NA	NA	0.0162866449511401
1	205256.133041842	/crex/proj/uppstore2017165/nobackup/alva/scWGBS/K562_Lnuclei_out_hg38/cluster/0_0.95_10000/epi_region/343/cluster_posteriors.tsv.gz	7	165	1	NA	NA	NA	NA	NA	NA	NA
1	101782.545452845	/crex/proj/uppstore2017165/nobackup/alva/scWGBS/K562_Lnuclei_out_hg38/cluster/0_0.95_10000/epi_region/344/cluster_posteriors.tsv.gz	58	165	3	NA	NA	NA	NA	NA	NA	0.0325581395348837
1	205256.133041842	/crex/proj/uppstore2017165/nobackup/alva/scWGBS/K562_Lnuclei_out_hg38/cluster/0_0.95_10000/epi_region/345/cluster_posteriors.tsv.gz	7	165	1	NA	NA	NA	NA	NA	NA	NA
1	96603.3268658358	/crex/proj/uppstore2017165/nobackup/alva/scWGBS/K562_Lnuclei_out_hg38/cluster/0_0.95_10000/epi_region/346/cluster_posteriors.tsv.gz	186	166	7	NA	NA	NA	NA	NA	NA	0
1	101895.071312178	/crex/proj/uppstore2017165/nobackup/alva/scWGBS/K562_Lnuclei_out_hg38/cluster/0_0.95_10000/epi_region/347/cluster_posteriors.tsv.gz	58	165	3	NA	NA	NA	NA	NA	NA	0.0328638497652582
1	205256.133041842	/crex/proj/uppstore2017165/nobackup/alva/scWGBS/K562_Lnuclei_out_hg38/cluster/0_0.95_10000/epi_region/348/cluster_posteriors.tsv.gz	7	165	1	NA	NA	NA	NA	NA	NA	NA
1	94180.4070994769	/crex/proj/uppstore2017165/nobackup/alva/scWGBS/K562_Lnuclei_out_hg38/cluster/0_0.95_10000/epi_region/349/cluster_posteriors.tsv.gz	176	165	7	NA	NA	NA	NA	NA	NA	0.0207715133531157
1	205256.133041842	/crex/proj/uppstore2017165/nobackup/alva/scWGBS/K562_Lnuclei_out_hg38/cluster/0_0.95_10000/epi_region/35/cluster_posteriors.tsv.gz	7	165	1	NA	NA	NA	NA	NA	NA	NA
1	98893.3573260238	/crex/proj/uppstore2017165/nobackup/alva/scWGBS/K562_Lnuclei_out_hg38/cluster/0_0.95_10000/epi_region/350/cluster_posteriors.tsv.gz	176	166	4	NA	NA	NA	NA	NA	NA	0.00869565217391304
1	121456.682625313	/crex/proj/uppstore2017165/nobackup/alva/scWGBS/K562_Lnuclei_out_hg38/cluster/0_0.95_10000/epi_region/351/cluster_posteriors.tsv.gz	24	165	2	NA	NA	NA	NA	NA	NA	NA
1	101515.97128738	/crex/proj/uppstore2017165/nobackup/alva/scWGBS/K562_Lnuclei_out_hg38/cluster/0_0.95_10000/epi_region/352/cluster_posteriors.tsv.gz	92	166	4	NA	NA	NA	NA	NA	NA	0.0161943319838057
1	120839.129600611	/crex/proj/uppstore2017165/nobackup/alva/scWGBS/K562_Lnuclei_out_hg38/cluster/0_0.95_10000/epi_region/353/cluster_posteriors.tsv.gz	43	165	3	NA	NA	NA	NA	NA	NA	0
1	96442.7021705932	/crex/proj/uppstore2017165/nobackup/alva/scWGBS/K562_Lnuclei_out_hg38/cluster/0_0.95_10000/epi_region/354/cluster_posteriors.tsv.gz	182	165	7	NA	NA	NA	NA	NA	NA	0.00285714285714286
1	100094.649828571	/crex/proj/uppstore2017165/nobackup/alva/scWGBS/K562_Lnuclei_out_hg38/cluster/0_0.95_10000/epi_region/355/cluster_posteriors.tsv.gz	95	166	4	NA	NA	NA	NA	NA	NA	0.0377358490566038
1	205256.133041842	/crex/proj/uppstore2017165/nobackup/alva/scWGBS/K562_Lnuclei_out_hg38/cluster/0_0.95_10000/epi_region/356/cluster_posteriors.tsv.gz	7	165	1	NA	NA	NA	NA	NA	NA	NA
1	99866.628949099	/crex/proj/uppstore2017165/nobackup/alva/scWGBS/K562_Lnuclei_out_hg38/cluster/0_0.95_10000/epi_region/357/cluster_posteriors.tsv.gz	121	166	6	NA	NA	NA	NA	NA	NA	0
1	97929.9430370873	/crex/proj/uppstore2017165/nobackup/alva/scWGBS/K562_Lnuclei_out_hg38/cluster/0_0.95_10000/epi_region/358/cluster_posteriors.tsv.gz	97	165	5	NA	NA	NA	NA	NA	NA	0.004149377593361
1	101373.219761676	/crex/proj/uppstore2017165/nobackup/alva/scWGBS/K562_Lnuclei_out_hg38/cluster/0_0.95_10000/epi_region/359/cluster_posteriors.tsv.gz	65	166	4	NA	NA	NA	NA	NA	NA	0.0200803212851406
1	98841.4568859407	/crex/proj/uppstore2017165/nobackup/alva/scWGBS/K562_Lnuclei_out_hg38/cluster/0_0.95_10000/epi_region/36/cluster_posteriors.tsv.gz	83	166	4	NA	NA	NA	NA	NA	NA	0.00709219858156028
1	121453.198523457	/crex/proj/uppstore2017165/nobackup/alva/scWGBS/K562_Lnuclei_out_hg38/cluster/0_0.95_10000/epi_region/360/cluster_posteriors.tsv.gz	24	165	2	NA	NA	NA	NA	NA	NA	NA
1	121454.062473124	/crex/proj/uppstore2017165/nobackup/alva/scWGBS/K562_Lnuclei_out_hg38/cluster/0_0.95_10000/epi_region/361/cluster_posteriors.tsv.gz	23	165	2	NA	NA	NA	NA	NA	NA	NA
1	100874.430720166	/crex/proj/uppstore2017165/nobackup/alva/scWGBS/K562_Lnuclei_out_hg38/cluster/0_0.95_10000/epi_region/362/cluster_posteriors.tsv.gz	117	166	6	NA	NA	NA	NA	NA	NA	0.00554016620498615
1	101542.509125181	/crex/proj/uppstore2017165/nobackup/alva/scWGBS/K562_Lnuclei_out_hg38/cluster/0_0.95_10000/epi_region/363/cluster_posteriors.tsv.gz	63	165	4	NA	NA	NA	NA	NA	NA	0.0168918918918919
1	121455.441562149	/crex/proj/uppstore2017165/nobackup/alva/scWGBS/K562_Lnuclei_out_hg38/cluster/0_0.95_10000/epi_region/364/cluster_posteriors.tsv.gz	24	165	2	NA	NA	NA	NA	NA	NA	NA
1	98171.4808468976	/crex/proj/uppstore2017165/nobackup/alva/scWGBS/K562_Lnuclei_out_hg38/cluster/0_0.95_10000/epi_region/365/cluster_posteriors.tsv.gz	110	166	6	NA	NA	NA	NA	NA	NA	0.0135869565217391
1	99751.7015563265	/crex/proj/uppstore2017165/nobackup/alva/scWGBS/K562_Lnuclei_out_hg38/cluster/0_0.95_10000/epi_region/366/cluster_posteriors.tsv.gz	103	166	4	NA	NA	NA	NA	NA	NA	0.00395256916996047
1	99285.9216919014	/crex/proj/uppstore2017165/nobackup/alva/scWGBS/K562_Lnuclei_out_hg38/cluster/0_0.95_10000/epi_region/367/cluster_posteriors.tsv.gz	104	166	6	NA	NA	NA	NA	NA	NA	0
1	101788.579418591	/crex/proj/uppstore2017165/nobackup/alva/scWGBS/K562_Lnuclei_out_hg38/cluster/0_0.95_10000/epi_region/368/cluster_posteriors.tsv.gz	47	165	3	NA	NA	NA	NA	NA	NA	0.0325581395348837
1	101374.439297101	/crex/proj/uppstore2017165/nobackup/alva/scWGBS/K562_Lnuclei_out_hg38/cluster/0_0.95_10000/epi_region/369/cluster_posteriors.tsv.gz	69	165	4	NA	NA	NA	NA	NA	NA	0.0228013029315961
1	101324.177466859	/crex/proj/uppstore2017165/nobackup/alva/scWGBS/K562_Lnuclei_out_hg38/cluster/0_0.95_10000/epi_region/37/cluster_posteriors.tsv.gz	87	166	5	NA	NA	NA	NA	NA	NA	0.0135135135135135
1	121457.157256213	/crex/proj/uppstore2017165/nobackup/alva/scWGBS/K562_Lnuclei_out_hg38/cluster/0_0.95_10000/epi_region/370/cluster_posteriors.tsv.gz	24	165	2	NA	NA	NA	NA	NA	NA	NA
1	99188.9459465079	/crex/proj/uppstore2017165/nobackup/alva/scWGBS/K562_Lnuclei_out_hg38/cluster/0_0.95_10000/epi_region/371/cluster_posteriors.tsv.gz	158	166	4	NA	NA	NA	NA	NA	NA	0.011070110701107
1	94631.9549889773	/crex/proj/uppstore2017165/nobackup/alva/scWGBS/K562_Lnuclei_out_hg38/cluster/0_0.95_10000/epi_region/372/cluster_posteriors.tsv.gz	198	166	9	NA	NA	NA	NA	NA	NA	0.00626959247648903
1	97212.780757682	/crex/proj/uppstore2017165/nobackup/alva/scWGBS/K562_Lnuclei_out_hg38/cluster/0_0.95_10000/epi_region/373/cluster_posteriors.tsv.gz	157	166	6	NA	NA	NA	NA	NA	NA	0.00554016620498615
1	121456.682625313	/crex/proj/uppstore2017165/nobackup/alva/scWGBS/K562_Lnuclei_out_hg38/cluster/0_0.95_10000/epi_region/374/cluster_posteriors.tsv.gz	23	165	2	NA	NA	NA	NA	NA	NA	NA
1	99623.0144713861	/crex/proj/uppstore2017165/nobackup/alva/scWGBS/K562_Lnuclei_out_hg38/cluster/0_0.95_10000/epi_region/375/cluster_posteriors.tsv.gz	86	166	5	NA	NA	NA	NA	NA	NA	0.0161290322580645
1	95702.8089156212	/crex/proj/uppstore2017165/nobackup/alva/scWGBS/K562_Lnuclei_out_hg38/cluster/0_0.95_10000/epi_region/376/cluster_posteriors.tsv.gz	190	166	8	NA	NA	NA	NA	NA	NA	0
1	205256.133041842	/crex/proj/uppstore2017165/nobackup/alva/scWGBS/K562_Lnuclei_out_hg38/cluster/0_0.95_10000/epi_region/377/cluster_posteriors.tsv.gz	7	165	1	NA	NA	NA	NA	NA	NA	NA
1	205256.133041842	/crex/proj/uppstore2017165/nobackup/alva/scWGBS/K562_Lnuclei_out_hg38/cluster/0_0.95_10000/epi_region/378/cluster_posteriors.tsv.gz	7	165	1	NA	NA	NA	NA	NA	NA	NA
1	101342.372363259	/crex/proj/uppstore2017165/nobackup/alva/scWGBS/K562_Lnuclei_out_hg38/cluster/0_0.95_10000/epi_region/379/cluster_posteriors.tsv.gz	82	166	4	NA	NA	NA	NA	NA	NA	0.0193905817174515
1	101782.476981339	/crex/proj/uppstore2017165/nobackup/alva/scWGBS/K562_Lnuclei_out_hg38/cluster/0_0.95_10000/epi_region/38/cluster_posteriors.tsv.gz	53	165	3	NA	NA	NA	NA	NA	NA	0.0325581395348837
1	94180.4070994769	/crex/proj/uppstore2017165/nobackup/alva/scWGBS/K562_Lnuclei_out_hg38/cluster/0_0.95_10000/epi_region/380/cluster_posteriors.tsv.gz	175	166	7	NA	NA	NA	NA	NA	NA	0.0207715133531157
1	95966.4158650386	/crex/proj/uppstore2017165/nobackup/alva/scWGBS/K562_Lnuclei_out_hg38/cluster/0_0.95_10000/epi_region/381/cluster_posteriors.tsv.gz	149	166	6	NA	NA	NA	NA	NA	NA	0.0282131661442006
1	98075.5003533207	/crex/proj/uppstore2017165/nobackup/alva/scWGBS/K562_Lnuclei_out_hg38/cluster/0_0.95_10000/epi_region/382/cluster_posteriors.tsv.gz	168	165	7	NA	NA	NA	NA	NA	NA	0
1	98283.7598366309	/crex/proj/uppstore2017165/nobackup/alva/scWGBS/K562_Lnuclei_out_hg38/cluster/0_0.95_10000/epi_region/383/cluster_posteriors.tsv.gz	108	166	6	NA	NA	NA	NA	NA	NA	0
1	99751.7015563265	/crex/proj/uppstore2017165/nobackup/alva/scWGBS/K562_Lnuclei_out_hg38/cluster/0_0.95_10000/epi_region/384/cluster_posteriors.tsv.gz	104	166	4	NA	NA	NA	NA	NA	NA	0.00395256916996047
1	101753.258510173	/crex/proj/uppstore2017165/nobackup/alva/scWGBS/K562_Lnuclei_out_hg38/cluster/0_0.95_10000/epi_region/385/cluster_posteriors.tsv.gz	62	165	4	NA	NA	NA	NA	NA	NA	0.0274509803921569
1	96761.0430313885	/crex/proj/uppstore2017165/nobackup/alva/scWGBS/K562_Lnuclei_out_hg38/cluster/0_0.95_10000/epi_region/386/cluster_posteriors.tsv.gz	165	166	7	NA	NA	NA	NA	NA	NA	0.0106100795755968
1	98244.2552127977	/crex/proj/uppstore2017165/nobackup/alva/scWGBS/K562_Lnuclei_out_hg38/cluster/0_0.95_10000/epi_region/387/cluster_posteriors.tsv.gz	116	166	6	NA	NA	NA	NA	NA	NA	0.0137362637362637
1	96648.8191201488	/crex/proj/uppstore2017165/nobackup/alva/scWGBS/K562_Lnuclei_out_hg38/cluster/0_0.95_10000/epi_region/388/cluster_posteriors.tsv.gz	187	166	6	NA	NA	NA	NA	NA	NA	0
1	205256.133041842	/crex/proj/uppstore2017165/nobackup/alva/scWGBS/K562_Lnuclei_out_hg38/cluster/0_0.95_10000/epi_region/389/cluster_posteriors.tsv.gz	7	165	1	NA	NA	NA	NA	NA	NA	NA
1	205256.133041842	/crex/proj/uppstore2017165/nobackup/alva/scWGBS/K562_Lnuclei_out_hg38/cluster/0_0.95_10000/epi_region/39/cluster_posteriors.tsv.gz	7	165	1	NA	NA	NA	NA	NA	NA	NA
1	97117.1548271319	/crex/proj/uppstore2017165/nobackup/alva/scWGBS/K562_Lnuclei_out_hg38/cluster/0_0.95_10000/epi_region/390/cluster_posteriors.tsv.gz	130	166	7	NA	NA	NA	NA	NA	NA	0.0126182965299685
1	98159.4316043107	/crex/proj/uppstore2017165/nobackup/alva/scWGBS/K562_Lnuclei_out_hg38/cluster/0_0.95_10000/epi_region/391/cluster_posteriors.tsv.gz	137	165	6	NA	NA	NA	NA	NA	NA	0
1	93292.9210684325	/crex/proj/uppstore2017165/nobackup/alva/scWGBS/K562_Lnuclei_out_hg38/cluster/0_0.95_10000/epi_region/392/cluster_posteriors.tsv.gz	206	166	6	NA	NA	NA	NA	NA	NA	0.033434650455927
1	96488.0296545877	/crex/proj/uppstore2017165/nobackup/alva/scWGBS/K562_Lnuclei_out_hg38/cluster/0_0.95_10000/epi_region/393/cluster_posteriors.tsv.gz	157	166	5	NA	NA	NA	NA	NA	NA	0.0268199233716475
1	96510.3322668929	/crex/proj/uppstore2017165/nobackup/alva/scWGBS/K562_Lnuclei_out_hg38/cluster/0_0.95_10000/epi_region/394/cluster_posteriors.tsv.gz	164	166	6	NA	NA	NA	NA	NA	NA	0.0167224080267559
1	121455.293992468	/crex/proj/uppstore2017165/nobackup/alva/scWGBS/K562_Lnuclei_out_hg38/cluster/0_0.95_10000/epi_region/395/cluster_posteriors.tsv.gz	23	165	2	NA	NA	NA	NA	NA	NA	NA
1	205256.133041842	/crex/proj/uppstore2017165/nobackup/alva/scWGBS/K562_Lnuclei_out_hg38/cluster/0_0.95_10000/epi_region/396/cluster_posteriors.tsv.gz	7	165	1	NA	NA	NA	NA	NA	NA	NA
1	101811.202824072	/crex/proj/uppstore2017165/nobackup/alva/scWGBS/K562_Lnuclei_out_hg38/cluster/0_0.95_10000/epi_region/397/cluster_posteriors.tsv.gz	45	165	3	NA	NA	NA	NA	NA	NA	0.0325581395348837
1	97157.1613089666	/crex/proj/uppstore2017165/nobackup/alva/scWGBS/K562_Lnuclei_out_hg38/cluster/0_0.95_10000/epi_region/398/cluster_posteriors.tsv.gz	145	166	7	NA	NA	NA	NA	NA	NA	0
1	98289.281864191	/crex/proj/uppstore2017165/nobackup/alva/scWGBS/K562_Lnuclei_out_hg38/cluster/0_0.95_10000/epi_region/399/cluster_posteriors.tsv.gz	146	166	6	NA	NA	NA	NA	NA	NA	0.0153374233128834
1	101758.99066151	/crex/proj/uppstore2017165/nobackup/alva/scWGBS/K562_Lnuclei_out_hg38/cluster/0_0.95_10000/epi_region/4/cluster_posteriors.tsv.gz	129	167	4	NA	NA	NA	NA	NA	NA	0.00964630225080386
1	97644.1530374506	/crex/proj/uppstore2017165/nobackup/alva/scWGBS/K562_Lnuclei_out_hg38/cluster/0_0.95_10000/epi_region/40/cluster_posteriors.tsv.gz	150	166	6	NA	NA	NA	NA	NA	NA	0.0177514792899408
1	101211.952546514	/crex/proj/uppstore2017165/nobackup/alva/scWGBS/K562_Lnuclei_out_hg38/cluster/0_0.95_10000/epi_region/400/cluster_posteriors.tsv.gz	66	165	4	NA	NA	NA	NA	NA	NA	0.016260162601626
1	121454.576666262	/crex/proj/uppstore2017165/nobackup/alva/scWGBS/K562_Lnuclei_out_hg38/cluster/0_0.95_10000/epi_region/401/cluster_posteriors.tsv.gz	23	165	2	NA	NA	NA	NA	NA	NA	NA
1	92906.7950330585	/crex/proj/uppstore2017165/nobackup/alva/scWGBS/K562_Lnuclei_out_hg38/cluster/0_0.95_10000/epi_region/402/cluster_posteriors.tsv.gz	165	165	8	NA	NA	NA	NA	NA	NA	0.0066006600660066
1	205256.133041842	/crex/proj/uppstore2017165/nobackup/alva/scWGBS/K562_Lnuclei_out_hg38/cluster/0_0.95_10000/epi_region/403/cluster_posteriors.tsv.gz	7	165	1	NA	NA	NA	NA	NA	NA	NA
1	96995.7230711742	/crex/proj/uppstore2017165/nobackup/alva/scWGBS/K562_Lnuclei_out_hg38/cluster/0_0.95_10000/epi_region/404/cluster_posteriors.tsv.gz	119	166	5	NA	NA	NA	NA	NA	NA	0.0238907849829352
1	101367.194363096	/crex/proj/uppstore2017165/nobackup/alva/scWGBS/K562_Lnuclei_out_hg38/cluster/0_0.95_10000/epi_region/405/cluster_posteriors.tsv.gz	67	165	4	NA	NA	NA	NA	NA	NA	0.0228013029315961
1	98669.6113357407	/crex/proj/uppstore2017165/nobackup/alva/scWGBS/K562_Lnuclei_out_hg38/cluster/0_0.95_10000/epi_region/406/cluster_posteriors.tsv.gz	121	166	6	NA	NA	NA	NA	NA	NA	0.015527950310559
1	121452.198174449	/crex/proj/uppstore2017165/nobackup/alva/scWGBS/K562_Lnuclei_out_hg38/cluster/0_0.95_10000/epi_region/407/cluster_posteriors.tsv.gz	23	165	2	NA	NA	NA	NA	NA	NA	NA
1	121456.682625313	/crex/proj/uppstore2017165/nobackup/alva/scWGBS/K562_Lnuclei_out_hg38/cluster/0_0.95_10000/epi_region/408/cluster_posteriors.tsv.gz	24	165	2	NA	NA	NA	NA	NA	NA	NA
1	93882.0451203187	/crex/proj/uppstore2017165/nobackup/alva/scWGBS/K562_Lnuclei_out_hg38/cluster/0_0.95_10000/epi_region/409/cluster_posteriors.tsv.gz	174	166	8	NA	NA	NA	NA	NA	NA	0
1	101107.103618473	/crex/proj/uppstore2017165/nobackup/alva/scWGBS/K562_Lnuclei_out_hg38/cluster/0_0.95_10000/epi_region/41/cluster_posteriors.tsv.gz	101	166	5	NA	NA	NA	NA	NA	NA	0.00380228136882129
1	121456.682625313	/crex/proj/uppstore2017165/nobackup/alva/scWGBS/K562_Lnuclei_out_hg38/cluster/0_0.95_10000/epi_region/410/cluster_posteriors.tsv.gz	24	165	2	NA	NA	NA	NA	NA	NA	NA
1	101663.788280112	/crex/proj/uppstore2017165/nobackup/alva/scWGBS/K562_Lnuclei_out_hg38/cluster/0_0.95_10000/epi_region/411/cluster_posteriors.tsv.gz	67	165	4	NA	NA	NA	NA	NA	NA	0.0170648464163823
1	205256.133041842	/crex/proj/uppstore2017165/nobackup/alva/scWGBS/K562_Lnuclei_out_hg38/cluster/0_0.95_10000/epi_region/412/cluster_posteriors.tsv.gz	7	165	1	NA	NA	NA	NA	NA	NA	NA
1	95289.7945964831	/crex/proj/uppstore2017165/nobackup/alva/scWGBS/K562_Lnuclei_out_hg38/cluster/0_0.95_10000/epi_region/413/cluster_posteriors.tsv.gz	220	166	8	NA	NA	NA	NA	NA	NA	0
1	96123.5243458394	/crex/proj/uppstore2017165/nobackup/alva/scWGBS/K562_Lnuclei_out_hg38/cluster/0_0.95_10000/epi_region/414/cluster_posteriors.tsv.gz	320	166	7	NA	NA	NA	NA	NA	NA	0
1	100082.660926189	/crex/proj/uppstore2017165/nobackup/alva/scWGBS/K562_Lnuclei_out_hg38/cluster/0_0.95_10000/epi_region/415/cluster_posteriors.tsv.gz	67	165	4	NA	NA	NA	NA	NA	NA	0.0415512465373961
1	97825.8079983526	/crex/proj/uppstore2017165/nobackup/alva/scWGBS/K562_Lnuclei_out_hg38/cluster/0_0.95_10000/epi_region/416/cluster_posteriors.tsv.gz	166	166	7	NA	NA	NA	NA	NA	NA	0
1	100113.887064296	/crex/proj/uppstore2017165/nobackup/alva/scWGBS/K562_Lnuclei_out_hg38/cluster/0_0.95_10000/epi_region/417/cluster_posteriors.tsv.gz	134	166	5	NA	NA	NA	NA	NA	NA	0.00662251655629139
1	99455.6359810224	/crex/proj/uppstore2017165/nobackup/alva/scWGBS/K562_Lnuclei_out_hg38/cluster/0_0.95_10000/epi_region/418/cluster_posteriors.tsv.gz	83	166	5	NA	NA	NA	NA	NA	NA	0.00760456273764259
1	96863.6066033124	/crex/proj/uppstore2017165/nobackup/alva/scWGBS/K562_Lnuclei_out_hg38/cluster/0_0.95_10000/epi_region/419/cluster_posteriors.tsv.gz	175	166	6	NA	NA	NA	NA	NA	NA	0.0251396648044693
1	101783.157532035	/crex/proj/uppstore2017165/nobackup/alva/scWGBS/K562_Lnuclei_out_hg38/cluster/0_0.95_10000/epi_region/42/cluster_posteriors.tsv.gz	49	165	3	NA	NA	NA	NA	NA	NA	0.0325581395348837
1	205256.133041842	/crex/proj/uppstore2017165/nobackup/alva/scWGBS/K562_Lnuclei_out_hg38/cluster/0_0.95_10000/epi_region/420/cluster_posteriors.tsv.gz	7	165	1	NA	NA	NA	NA	NA	NA	NA
1	97718.8299680082	/crex/proj/uppstore2017165/nobackup/alva/scWGBS/K562_Lnuclei_out_hg38/cluster/0_0.95_10000/epi_region/421/cluster_posteriors.tsv.gz	107	166	5	NA	NA	NA	NA	NA	NA	0.0185185185185185
1	121455.794748711	/crex/proj/uppstore2017165/nobackup/alva/scWGBS/K562_Lnuclei_out_hg38/cluster/0_0.95_10000/epi_region/422/cluster_posteriors.tsv.gz	23	165	2	NA	NA	NA	NA	NA	NA	NA
1	205256.133041842	/crex/proj/uppstore2017165/nobackup/alva/scWGBS/K562_Lnuclei_out_hg38/cluster/0_0.95_10000/epi_region/423/cluster_posteriors.tsv.gz	7	165	1	NA	NA	NA	NA	NA	NA	NA
1	121457.074573175	/crex/proj/uppstore2017165/nobackup/alva/scWGBS/K562_Lnuclei_out_hg38/cluster/0_0.95_10000/epi_region/424/cluster_posteriors.tsv.gz	23	165	2	NA	NA	NA	NA	NA	NA	NA
1	101790.887445792	/crex/proj/uppstore2017165/nobackup/alva/scWGBS/K562_Lnuclei_out_hg38/cluster/0_0.95_10000/epi_region/425/cluster_posteriors.tsv.gz	47	165	3	NA	NA	NA	NA	NA	NA	0.0325581395348837
1	100077.998220461	/crex/proj/uppstore2017165/nobackup/alva/scWGBS/K562_Lnuclei_out_hg38/cluster/0_0.95_10000/epi_region/426/cluster_posteriors.tsv.gz	89	166	5	NA	NA	NA	NA	NA	NA	0.008
1	97248.3132878695	/crex/proj/uppstore2017165/nobackup/alva/scWGBS/K562_Lnuclei_out_hg38/cluster/0_0.95_10000/epi_region/427/cluster_posteriors.tsv.gz	113	166	5	NA	NA	NA	NA	NA	NA	0.0225988700564972
1	99780.6820527936	/crex/proj/uppstore2017165/nobackup/alva/scWGBS/K562_Lnuclei_out_hg38/cluster/0_0.95_10000/epi_region/428/cluster_posteriors.tsv.gz	81	166	5	NA	NA	NA	NA	NA	NA	0.0268456375838926
1	92807.323267199	/crex/proj/uppstore2017165/nobackup/alva/scWGBS/K562_Lnuclei_out_hg38/cluster/0_0.95_10000/epi_region/429/cluster_posteriors.tsv.gz	277	166	9	NA	NA	NA	NA	NA	NA	0.0247252747252747
1	99220.5682926594	/crex/proj/uppstore2017165/nobackup/alva/scWGBS/K562_Lnuclei_out_hg38/cluster/0_0.95_10000/epi_region/43/cluster_posteriors.tsv.gz	135	166	7	NA	NA	NA	NA	NA	NA	0.0032258064516129
1	101387.987214323	/crex/proj/uppstore2017165/nobackup/alva/scWGBS/K562_Lnuclei_out_hg38/cluster/0_0.95_10000/epi_region/430/cluster_posteriors.tsv.gz	124	166	5	NA	NA	NA	NA	NA	NA	0.00923076923076923
1	97906.8150296258	/crex/proj/uppstore2017165/nobackup/alva/scWGBS/K562_Lnuclei_out_hg38/cluster/0_0.95_10000/epi_region/431/cluster_posteriors.tsv.gz	144	166	5	NA	NA	NA	NA	NA	NA	0.0306513409961686
1	101789.359612962	/crex/proj/uppstore2017165/nobackup/alva/scWGBS/K562_Lnuclei_out_hg38/cluster/0_0.95_10000/epi_region/432/cluster_posteriors.tsv.gz	47	165	3	NA	NA	NA	NA	NA	NA	0.0325581395348837
1	96430.5095995159	/crex/proj/uppstore2017165/nobackup/alva/scWGBS/K562_Lnuclei_out_hg38/cluster/0_0.95_10000/epi_region/433/cluster_posteriors.tsv.gz	170	166	8	NA	NA	NA	NA	NA	NA	0.00555555555555556
1	98282.0113796567	/crex/proj/uppstore2017165/nobackup/alva/scWGBS/K562_Lnuclei_out_hg38/cluster/0_0.95_10000/epi_region/434/cluster_posteriors.tsv.gz	152	166	6	NA	NA	NA	NA	NA	NA	0.00275482093663912
1	95534.2282562935	/crex/proj/uppstore2017165/nobackup/alva/scWGBS/K562_Lnuclei_out_hg38/cluster/0_0.95_10000/epi_region/435/cluster_posteriors.tsv.gz	152	166	6	NA	NA	NA	NA	NA	NA	0.0240549828178694
1	98613.0286343555	/crex/proj/uppstore2017165/nobackup/alva/scWGBS/K562_Lnuclei_out_hg38/cluster/0_0.95_10000/epi_region/436/cluster_posteriors.tsv.gz	69	165	4	NA	NA	NA	NA	NA	NA	0.0226415094339623
1	121198.933351128	/crex/proj/uppstore2017165/nobackup/alva/scWGBS/K562_Lnuclei_out_hg38/cluster/0_0.95_10000/epi_region/437/cluster_posteriors.tsv.gz	38	165	3	NA	NA	NA	NA	NA	NA	0
1	99751.7015563265	/crex/proj/uppstore2017165/nobackup/alva/scWGBS/K562_Lnuclei_out_hg38/cluster/0_0.95_10000/epi_region/438/cluster_posteriors.tsv.gz	104	166	4	NA	NA	NA	NA	NA	NA	0.00395256916996047
1	97871.291294768	/crex/proj/uppstore2017165/nobackup/alva/scWGBS/K562_Lnuclei_out_hg38/cluster/0_0.95_10000/epi_region/439/cluster_posteriors.tsv.gz	129	166	6	NA	NA	NA	NA	NA	NA	0
1	97366.8533507709	/crex/proj/uppstore2017165/nobackup/alva/scWGBS/K562_Lnuclei_out_hg38/cluster/0_0.95_10000/epi_region/44/cluster_posteriors.tsv.gz	178	166	9	NA	NA	NA	NA	NA	NA	0
1	205256.133041842	/crex/proj/uppstore2017165/nobackup/alva/scWGBS/K562_Lnuclei_out_hg38/cluster/0_0.95_10000/epi_region/440/cluster_posteriors.tsv.gz	7	165	1	NA	NA	NA	NA	NA	NA	NA
1	101311.255358219	/crex/proj/uppstore2017165/nobackup/alva/scWGBS/K562_Lnuclei_out_hg38/cluster/0_0.95_10000/epi_region/441/cluster_posteriors.tsv.gz	66	165	4	NA	NA	NA	NA	NA	NA	0.0200803212851406
1	100437.71644747	/crex/proj/uppstore2017165/nobackup/alva/scWGBS/K562_Lnuclei_out_hg38/cluster/0_0.95_10000/epi_region/442/cluster_posteriors.tsv.gz	96	165	4	NA	NA	NA	NA	NA	NA	0.0236486486486486
1	101147.036810566	/crex/proj/uppstore2017165/nobackup/alva/scWGBS/K562_Lnuclei_out_hg38/cluster/0_0.95_10000/epi_region/443/cluster_posteriors.tsv.gz	105	166	5	NA	NA	NA	NA	NA	NA	0.012779552715655
1	99731.1762498554	/crex/proj/uppstore2017165/nobackup/alva/scWGBS/K562_Lnuclei_out_hg38/cluster/0_0.95_10000/epi_region/444/cluster_posteriors.tsv.gz	142	166	7	NA	NA	NA	NA	NA	NA	0
1	205256.133041842	/crex/proj/uppstore2017165/nobackup/alva/scWGBS/K562_Lnuclei_out_hg38/cluster/0_0.95_10000/epi_region/445/cluster_posteriors.tsv.gz	7	165	1	NA	NA	NA	NA	NA	NA	NA
1	121456.411478348	/crex/proj/uppstore2017165/nobackup/alva/scWGBS/K562_Lnuclei_out_hg38/cluster/0_0.95_10000/epi_region/446/cluster_posteriors.tsv.gz	23	165	2	NA	NA	NA	NA	NA	NA	NA
1	96354.7962332118	/crex/proj/uppstore2017165/nobackup/alva/scWGBS/K562_Lnuclei_out_hg38/cluster/0_0.95_10000/epi_region/447/cluster_posteriors.tsv.gz	172	166	7	NA	NA	NA	NA	NA	NA	0.0026525198938992
1	101265.936563141	/crex/proj/uppstore2017165/nobackup/alva/scWGBS/K562_Lnuclei_out_hg38/cluster/0_0.95_10000/epi_region/448/cluster_posteriors.tsv.gz	152	166	5	NA	NA	NA	NA	NA	NA	0.00305810397553517
1	98284.420557113	/crex/proj/uppstore2017165/nobackup/alva/scWGBS/K562_Lnuclei_out_hg38/cluster/0_0.95_10000/epi_region/449/cluster_posteriors.tsv.gz	85	166	5	NA	NA	NA	NA	NA	NA	0.00420168067226891
1	121456.221674899	/crex/proj/uppstore2017165/nobackup/alva/scWGBS/K562_Lnuclei_out_hg38/cluster/0_0.95_10000/epi_region/45/cluster_posteriors.tsv.gz	23	165	2	NA	NA	NA	NA	NA	NA	NA
1	100816.673252261	/crex/proj/uppstore2017165/nobackup/alva/scWGBS/K562_Lnuclei_out_hg38/cluster/0_0.95_10000/epi_region/450/cluster_posteriors.tsv.gz	115	166	5	NA	NA	NA	NA	NA	NA	0.00307692307692308
1	121456.78918524	/crex/proj/uppstore2017165/nobackup/alva/scWGBS/K562_Lnuclei_out_hg38/cluster/0_0.95_10000/epi_region/451/cluster_posteriors.tsv.gz	24	165	2	NA	NA	NA	NA	NA	NA	NA
1	101059.366515972	/crex/proj/uppstore2017165/nobackup/alva/scWGBS/K562_Lnuclei_out_hg38/cluster/0_0.95_10000/epi_region/452/cluster_posteriors.tsv.gz	71	165	4	NA	NA	NA	NA	NA	NA	0.00816326530612245
1	100583.913466692	/crex/proj/uppstore2017165/nobackup/alva/scWGBS/K562_Lnuclei_out_hg38/cluster/0_0.95_10000/epi_region/453/cluster_posteriors.tsv.gz	124	166	6	NA	NA	NA	NA	NA	NA	0.00613496932515337
1	101489.834971853	/crex/proj/uppstore2017165/nobackup/alva/scWGBS/K562_Lnuclei_out_hg38/cluster/0_0.95_10000/epi_region/454/cluster_posteriors.tsv.gz	67	165	4	NA	NA	NA	NA	NA	NA	0.0194805194805195
1	99489.5748509404	/crex/proj/uppstore2017165/nobackup/alva/scWGBS/K562_Lnuclei_out_hg38/cluster/0_0.95_10000/epi_region/455/cluster_posteriors.tsv.gz	158	166	7	NA	NA	NA	NA	NA	NA	0
1	94861.6577326317	/crex/proj/uppstore2017165/nobackup/alva/scWGBS/K562_Lnuclei_out_hg38/cluster/0_0.95_10000/epi_region/456/cluster_posteriors.tsv.gz	186	165	6	NA	NA	NA	NA	NA	NA	0.0220125786163522
1	98282.0113796567	/crex/proj/uppstore2017165/nobackup/alva/scWGBS/K562_Lnuclei_out_hg38/cluster/0_0.95_10000/epi_region/457/cluster_posteriors.tsv.gz	151	166	6	NA	NA	NA	NA	NA	NA	0.00275482093663912
1	97560.0785954274	/crex/proj/uppstore2017165/nobackup/alva/scWGBS/K562_Lnuclei_out_hg38/cluster/0_0.95_10000/epi_region/458/cluster_posteriors.tsv.gz	146	165	7	NA	NA	NA	NA	NA	NA	0
1	99442.9527360454	/crex/proj/uppstore2017165/nobackup/alva/scWGBS/K562_Lnuclei_out_hg38/cluster/0_0.95_10000/epi_region/459/cluster_posteriors.tsv.gz	107	166	5	NA	NA	NA	NA	NA	NA	0
1	96488.0296545877	/crex/proj/uppstore2017165/nobackup/alva/scWGBS/K562_Lnuclei_out_hg38/cluster/0_0.95_10000/epi_region/46/cluster_posteriors.tsv.gz	156	166	5	NA	NA	NA	NA	NA	NA	0.0268199233716475
1	96627.082711203	/crex/proj/uppstore2017165/nobackup/alva/scWGBS/K562_Lnuclei_out_hg38/cluster/0_0.95_10000/epi_region/460/cluster_posteriors.tsv.gz	184	166	7	NA	NA	NA	NA	NA	NA	0.00279329608938547
1	96576.8264369947	/crex/proj/uppstore2017165/nobackup/alva/scWGBS/K562_Lnuclei_out_hg38/cluster/0_0.95_10000/epi_region/461/cluster_posteriors.tsv.gz	114	166	6	NA	NA	NA	NA	NA	NA	0
1	121456.682625313	/crex/proj/uppstore2017165/nobackup/alva/scWGBS/K562_Lnuclei_out_hg38/cluster/0_0.95_10000/epi_region/462/cluster_posteriors.tsv.gz	24	165	2	NA	NA	NA	NA	NA	NA	NA
1	121456.143867911	/crex/proj/uppstore2017165/nobackup/alva/scWGBS/K562_Lnuclei_out_hg38/cluster/0_0.95_10000/epi_region/463/cluster_posteriors.tsv.gz	23	165	2	NA	NA	NA	NA	NA	NA	NA
1	99751.7015563265	/crex/proj/uppstore2017165/nobackup/alva/scWGBS/K562_Lnuclei_out_hg38/cluster/0_0.95_10000/epi_region/464/cluster_posteriors.tsv.gz	104	166	4	NA	NA	NA	NA	NA	NA	0.00395256916996047
1	94522.8853439433	/crex/proj/uppstore2017165/nobackup/alva/scWGBS/K562_Lnuclei_out_hg38/cluster/0_0.95_10000/epi_region/465/cluster_posteriors.tsv.gz	128	166	6	NA	NA	NA	NA	NA	NA	0
1	94521.1476300849	/crex/proj/uppstore2017165/nobackup/alva/scWGBS/K562_Lnuclei_out_hg38/cluster/0_0.95_10000/epi_region/466/cluster_posteriors.tsv.gz	204	166	8	NA	NA	NA	NA	NA	NA	0
1	100613.906200476	/crex/proj/uppstore2017165/nobackup/alva/scWGBS/K562_Lnuclei_out_hg38/cluster/0_0.95_10000/epi_region/467/cluster_posteriors.tsv.gz	77	165	4	NA	NA	NA	NA	NA	NA	0.0193905817174515
1	98006.8997728146	/crex/proj/uppstore2017165/nobackup/alva/scWGBS/K562_Lnuclei_out_hg38/cluster/0_0.95_10000/epi_region/468/cluster_posteriors.tsv.gz	89	166	5	NA	NA	NA	NA	NA	NA	0.0031055900621118
1	205256.133041842	/crex/proj/uppstore2017165/nobackup/alva/scWGBS/K562_Lnuclei_out_hg38/cluster/0_0.95_10000/epi_region/469/cluster_posteriors.tsv.gz	7	165	1	NA	NA	NA	NA	NA	NA	NA
1	99751.7015563265	/crex/proj/uppstore2017165/nobackup/alva/scWGBS/K562_Lnuclei_out_hg38/cluster/0_0.95_10000/epi_region/47/cluster_posteriors.tsv.gz	103	166	4	NA	NA	NA	NA	NA	NA	0.00395256916996047
1	100469.738899738	/crex/proj/uppstore2017165/nobackup/alva/scWGBS/K562_Lnuclei_out_hg38/cluster/0_0.95_10000/epi_region/470/cluster_posteriors.tsv.gz	113	166	6	NA	NA	NA	NA	NA	NA	0.00305810397553517
1	101894.612863088	/crex/proj/uppstore2017165/nobackup/alva/scWGBS/K562_Lnuclei_out_hg38/cluster/0_0.95_10000/epi_region/471/cluster_posteriors.tsv.gz	45	165	3	NA	NA	NA	NA	NA	NA	0.0328638497652582
1	101795.426356809	/crex/proj/uppstore2017165/nobackup/alva/scWGBS/K562_Lnuclei_out_hg38/cluster/0_0.95_10000/epi_region/472/cluster_posteriors.tsv.gz	58	165	3	NA	NA	NA	NA	NA	NA	0.0325581395348837
1	101786.585875792	/crex/proj/uppstore2017165/nobackup/alva/scWGBS/K562_Lnuclei_out_hg38/cluster/0_0.95_10000/epi_region/473/cluster_posteriors.tsv.gz	70	166	3	NA	NA	NA	NA	NA	NA	0.0325581395348837
1	98806.5218218875	/crex/proj/uppstore2017165/nobackup/alva/scWGBS/K562_Lnuclei_out_hg38/cluster/0_0.95_10000/epi_region/474/cluster_posteriors.tsv.gz	151	166	6	NA	NA	NA	NA	NA	NA	0
1	98477.9000399141	/crex/proj/uppstore2017165/nobackup/alva/scWGBS/K562_Lnuclei_out_hg38/cluster/0_0.95_10000/epi_region/475/cluster_posteriors.tsv.gz	191	166	8	NA	NA	NA	NA	NA	NA	0
1	95416.895184511	/crex/proj/uppstore2017165/nobackup/alva/scWGBS/K562_Lnuclei_out_hg38/cluster/0_0.95_10000/epi_region/476/cluster_posteriors.tsv.gz	119	166	5	NA	NA	NA	NA	NA	NA	0.0259259259259259
1	98497.7818320512	/crex/proj/uppstore2017165/nobackup/alva/scWGBS/K562_Lnuclei_out_hg38/cluster/0_0.95_10000/epi_region/477/cluster_posteriors.tsv.gz	207	166	7	NA	NA	NA	NA	NA	NA	0
1	121456.682625313	/crex/proj/uppstore2017165/nobackup/alva/scWGBS/K562_Lnuclei_out_hg38/cluster/0_0.95_10000/epi_region/478/cluster_posteriors.tsv.gz	24	165	2	NA	NA	NA	NA	NA	NA	NA
1	97866.8052844659	/crex/proj/uppstore2017165/nobackup/alva/scWGBS/K562_Lnuclei_out_hg38/cluster/0_0.95_10000/epi_region/479/cluster_posteriors.tsv.gz	116	166	6	NA	NA	NA	NA	NA	NA	0.00319488817891374
1	99751.7015563265	/crex/proj/uppstore2017165/nobackup/alva/scWGBS/K562_Lnuclei_out_hg38/cluster/0_0.95_10000/epi_region/48/cluster_posteriors.tsv.gz	103	166	4	NA	NA	NA	NA	NA	NA	0.00395256916996047
1	96683.0134032556	/crex/proj/uppstore2017165/nobackup/alva/scWGBS/K562_Lnuclei_out_hg38/cluster/0_0.95_10000/epi_region/480/cluster_posteriors.tsv.gz	137	166	6	NA	NA	NA	NA	NA	NA	0.0165016501650165
1	121457.157256213	/crex/proj/uppstore2017165/nobackup/alva/scWGBS/K562_Lnuclei_out_hg38/cluster/0_0.95_10000/epi_region/481/cluster_posteriors.tsv.gz	24	165	2	NA	NA	NA	NA	NA	NA	NA
1	101790.218773828	/crex/proj/uppstore2017165/nobackup/alva/scWGBS/K562_Lnuclei_out_hg38/cluster/0_0.95_10000/epi_region/482/cluster_posteriors.tsv.gz	46	165	3	NA	NA	NA	NA	NA	NA	0.0325581395348837
1	95523.0276484497	/crex/proj/uppstore2017165/nobackup/alva/scWGBS/K562_Lnuclei_out_hg38/cluster/0_0.95_10000/epi_region/483/cluster_posteriors.tsv.gz	115	166	6	NA	NA	NA	NA	NA	NA	0.0404624277456647
1	205256.133041842	/crex/proj/uppstore2017165/nobackup/alva/scWGBS/K562_Lnuclei_out_hg38/cluster/0_0.95_10000/epi_region/484/cluster_posteriors.tsv.gz	7	165	1	NA	NA	NA	NA	NA	NA	NA
1	101089.412329793	/crex/proj/uppstore2017165/nobackup/alva/scWGBS/K562_Lnuclei_out_hg38/cluster/0_0.95_10000/epi_region/485/cluster_posteriors.tsv.gz	105	166	5	NA	NA	NA	NA	NA	NA	0.00308641975308642
1	101751.594469316	/crex/proj/uppstore2017165/nobackup/alva/scWGBS/K562_Lnuclei_out_hg38/cluster/0_0.95_10000/epi_region/486/cluster_posteriors.tsv.gz	65	165	4	NA	NA	NA	NA	NA	NA	0.0162337662337662
1	121455.757677423	/crex/proj/uppstore2017165/nobackup/alva/scWGBS/K562_Lnuclei_out_hg38/cluster/0_0.95_10000/epi_region/487/cluster_posteriors.tsv.gz	24	165	2	NA	NA	NA	NA	NA	NA	NA
1	100211.987956052	/crex/proj/uppstore2017165/nobackup/alva/scWGBS/K562_Lnuclei_out_hg38/cluster/0_0.95_10000/epi_region/488/cluster_posteriors.tsv.gz	68	165	4	NA	NA	NA	NA	NA	NA	0.040625
1	92480.0938311133	/crex/proj/uppstore2017165/nobackup/alva/scWGBS/K562_Lnuclei_out_hg38/cluster/0_0.95_10000/epi_region/489/cluster_posteriors.tsv.gz	232	166	9	NA	NA	NA	NA	NA	NA	0.0176678445229682
1	101584.051822141	/crex/proj/uppstore2017165/nobackup/alva/scWGBS/K562_Lnuclei_out_hg38/cluster/0_0.95_10000/epi_region/49/cluster_posteriors.tsv.gz	73	165	4	NA	NA	NA	NA	NA	NA	0.0135593220338983
1	205256.133041842	/crex/proj/uppstore2017165/nobackup/alva/scWGBS/K562_Lnuclei_out_hg38/cluster/0_0.95_10000/epi_region/490/cluster_posteriors.tsv.gz	7	165	1	NA	NA	NA	NA	NA	NA	NA
1	99722.787361694	/crex/proj/uppstore2017165/nobackup/alva/scWGBS/K562_Lnuclei_out_hg38/cluster/0_0.95_10000/epi_region/491/cluster_posteriors.tsv.gz	92	166	5	NA	NA	NA	NA	NA	NA	0.0188087774294671
1	121456.249038621	/crex/proj/uppstore2017165/nobackup/alva/scWGBS/K562_Lnuclei_out_hg38/cluster/0_0.95_10000/epi_region/492/cluster_posteriors.tsv.gz	23	165	2	NA	NA	NA	NA	NA	NA	NA
1	205256.133041842	/crex/proj/uppstore2017165/nobackup/alva/scWGBS/K562_Lnuclei_out_hg38/cluster/0_0.95_10000/epi_region/493/cluster_posteriors.tsv.gz	7	165	1	NA	NA	NA	NA	NA	NA	NA
1	99623.0144713861	/crex/proj/uppstore2017165/nobackup/alva/scWGBS/K562_Lnuclei_out_hg38/cluster/0_0.95_10000/epi_region/494/cluster_posteriors.tsv.gz	86	166	5	NA	NA	NA	NA	NA	NA	0.0161290322580645
1	100168.392807593	/crex/proj/uppstore2017165/nobackup/alva/scWGBS/K562_Lnuclei_out_hg38/cluster/0_0.95_10000/epi_region/495/cluster_posteriors.tsv.gz	160	166	7	NA	NA	NA	NA	NA	NA	0.0029940119760479
1	99985.5052566108	/crex/proj/uppstore2017165/nobackup/alva/scWGBS/K562_Lnuclei_out_hg38/cluster/0_0.95_10000/epi_region/496/cluster_posteriors.tsv.gz	111	166	6	NA	NA	NA	NA	NA	NA	0.00564971751412429
1	95534.2282562935	/crex/proj/uppstore2017165/nobackup/alva/scWGBS/K562_Lnuclei_out_hg38/cluster/0_0.95_10000/epi_region/497/cluster_posteriors.tsv.gz	152	166	6	NA	NA	NA	NA	NA	NA	0.0240549828178694
1	205256.133041842	/crex/proj/uppstore2017165/nobackup/alva/scWGBS/K562_Lnuclei_out_hg38/cluster/0_0.95_10000/epi_region/498/cluster_posteriors.tsv.gz	7	165	1	NA	NA	NA	NA	NA	NA	NA
1	205256.133041842	/crex/proj/uppstore2017165/nobackup/alva/scWGBS/K562_Lnuclei_out_hg38/cluster/0_0.95_10000/epi_region/499/cluster_posteriors.tsv.gz	7	165	1	NA	NA	NA	NA	NA	NA	NA
1	101758.991405638	/crex/proj/uppstore2017165/nobackup/alva/scWGBS/K562_Lnuclei_out_hg38/cluster/0_0.95_10000/epi_region/5/cluster_posteriors.tsv.gz	130	167	4	NA	NA	NA	NA	NA	NA	0.00964630225080386
1	101100.235980675	/crex/proj/uppstore2017165/nobackup/alva/scWGBS/K562_Lnuclei_out_hg38/cluster/0_0.95_10000/epi_region/50/cluster_posteriors.tsv.gz	112	166	5	NA	NA	NA	NA	NA	NA	0
1	97981.1689365103	/crex/proj/uppstore2017165/nobackup/alva/scWGBS/K562_Lnuclei_out_hg38/cluster/0_0.95_10000/epi_region/51/cluster_posteriors.tsv.gz	280	166	7	NA	NA	NA	NA	NA	NA	0
1	98385.8182109064	/crex/proj/uppstore2017165/nobackup/alva/scWGBS/K562_Lnuclei_out_hg38/cluster/0_0.95_10000/epi_region/52/cluster_posteriors.tsv.gz	160	166	5	NA	NA	NA	NA	NA	NA	0.00303951367781155
1	205256.133041842	/crex/proj/uppstore2017165/nobackup/alva/scWGBS/K562_Lnuclei_out_hg38/cluster/0_0.95_10000/epi_region/53/cluster_posteriors.tsv.gz	7	165	1	NA	NA	NA	NA	NA	NA	NA
1	101810.075810269	/crex/proj/uppstore2017165/nobackup/alva/scWGBS/K562_Lnuclei_out_hg38/cluster/0_0.95_10000/epi_region/54/cluster_posteriors.tsv.gz	45	165	3	NA	NA	NA	NA	NA	NA	0.0325581395348837
1	98389.4117962654	/crex/proj/uppstore2017165/nobackup/alva/scWGBS/K562_Lnuclei_out_hg38/cluster/0_0.95_10000/epi_region/55/cluster_posteriors.tsv.gz	111	166	5	NA	NA	NA	NA	NA	NA	0.0200573065902579
1	121456.21930588	/crex/proj/uppstore2017165/nobackup/alva/scWGBS/K562_Lnuclei_out_hg38/cluster/0_0.95_10000/epi_region/56/cluster_posteriors.tsv.gz	23	165	2	NA	NA	NA	NA	NA	NA	NA
1	121456.670958974	/crex/proj/uppstore2017165/nobackup/alva/scWGBS/K562_Lnuclei_out_hg38/cluster/0_0.95_10000/epi_region/57/cluster_posteriors.tsv.gz	23	165	2	NA	NA	NA	NA	NA	NA	NA
1	99285.575354939	/crex/proj/uppstore2017165/nobackup/alva/scWGBS/K562_Lnuclei_out_hg38/cluster/0_0.95_10000/epi_region/58/cluster_posteriors.tsv.gz	156	166	6	NA	NA	NA	NA	NA	NA	0
1	205256.133041842	/crex/proj/uppstore2017165/nobackup/alva/scWGBS/K562_Lnuclei_out_hg38/cluster/0_0.95_10000/epi_region/59/cluster_posteriors.tsv.gz	7	165	1	NA	NA	NA	NA	NA	NA	NA
1	101758.991915795	/crex/proj/uppstore2017165/nobackup/alva/scWGBS/K562_Lnuclei_out_hg38/cluster/0_0.95_10000/epi_region/6/cluster_posteriors.tsv.gz	128	167	4	NA	NA	NA	NA	NA	NA	0.00964630225080386
1	99181.7421288831	/crex/proj/uppstore2017165/nobackup/alva/scWGBS/K562_Lnuclei_out_hg38/cluster/0_0.95_10000/epi_region/60/cluster_posteriors.tsv.gz	98	165	4	NA	NA	NA	NA	NA	NA	0.00823045267489712
1	121455.812671138	/crex/proj/uppstore2017165/nobackup/alva/scWGBS/K562_Lnuclei_out_hg38/cluster/0_0.95_10000/epi_region/61/cluster_posteriors.tsv.gz	24	165	2	NA	NA	NA	NA	NA	NA	NA
1	121454.032061347	/crex/proj/uppstore2017165/nobackup/alva/scWGBS/K562_Lnuclei_out_hg38/cluster/0_0.95_10000/epi_region/62/cluster_posteriors.tsv.gz	26	165	2	NA	NA	NA	NA	NA	NA	NA
1	101577.883519855	/crex/proj/uppstore2017165/nobackup/alva/scWGBS/K562_Lnuclei_out_hg38/cluster/0_0.95_10000/epi_region/63/cluster_posteriors.tsv.gz	65	165	4	NA	NA	NA	NA	NA	NA	0.0193548387096774
1	96851.255864073	/crex/proj/uppstore2017165/nobackup/alva/scWGBS/K562_Lnuclei_out_hg38/cluster/0_0.95_10000/epi_region/64/cluster_posteriors.tsv.gz	110	166	6	NA	NA	NA	NA	NA	NA	0.0159574468085106
1	101039.085018537	/crex/proj/uppstore2017165/nobackup/alva/scWGBS/K562_Lnuclei_out_hg38/cluster/0_0.95_10000/epi_region/65/cluster_posteriors.tsv.gz	68	165	4	NA	NA	NA	NA	NA	NA	0.00925925925925926
1	121455.228970059	/crex/proj/uppstore2017165/nobackup/alva/scWGBS/K562_Lnuclei_out_hg38/cluster/0_0.95_10000/epi_region/66/cluster_posteriors.tsv.gz	23	165	2	NA	NA	NA	NA	NA	NA	NA
1	98385.8182109064	/crex/proj/uppstore2017165/nobackup/alva/scWGBS/K562_Lnuclei_out_hg38/cluster/0_0.95_10000/epi_region/67/cluster_posteriors.tsv.gz	160	166	5	NA	NA	NA	NA	NA	NA	0.00303951367781155
1	97944.4728795653	/crex/proj/uppstore2017165/nobackup/alva/scWGBS/K562_Lnuclei_out_hg38/cluster/0_0.95_10000/epi_region/68/cluster_posteriors.tsv.gz	107	166	5	NA	NA	NA	NA	NA	NA	0.00403225806451613
1	205256.133041842	/crex/proj/uppstore2017165/nobackup/alva/scWGBS/K562_Lnuclei_out_hg38/cluster/0_0.95_10000/epi_region/69/cluster_posteriors.tsv.gz	7	165	1	NA	NA	NA	NA	NA	NA	NA
1	101758.990919421	/crex/proj/uppstore2017165/nobackup/alva/scWGBS/K562_Lnuclei_out_hg38/cluster/0_0.95_10000/epi_region/7/cluster_posteriors.tsv.gz	129	167	4	NA	NA	NA	NA	NA	NA	0.00964630225080386
1	100583.913466692	/crex/proj/uppstore2017165/nobackup/alva/scWGBS/K562_Lnuclei_out_hg38/cluster/0_0.95_10000/epi_region/70/cluster_posteriors.tsv.gz	125	166	6	NA	NA	NA	NA	NA	NA	0.00613496932515337
1	97188.5774412504	/crex/proj/uppstore2017165/nobackup/alva/scWGBS/K562_Lnuclei_out_hg38/cluster/0_0.95_10000/epi_region/71/cluster_posteriors.tsv.gz	166	166	7	NA	NA	NA	NA	NA	NA	0
1	120702.117448909	/crex/proj/uppstore2017165/nobackup/alva/scWGBS/K562_Lnuclei_out_hg38/cluster/0_0.95_10000/epi_region/72/cluster_posteriors.tsv.gz	40	165	3	NA	NA	NA	NA	NA	NA	0
1	94247.9311634249	/crex/proj/uppstore2017165/nobackup/alva/scWGBS/K562_Lnuclei_out_hg38/cluster/0_0.95_10000/epi_region/73/cluster_posteriors.tsv.gz	145	166	6	NA	NA	NA	NA	NA	NA	0.016260162601626
1	98632.9934441607	/crex/proj/uppstore2017165/nobackup/alva/scWGBS/K562_Lnuclei_out_hg38/cluster/0_0.95_10000/epi_region/74/cluster_posteriors.tsv.gz	170	166	8	NA	NA	NA	NA	NA	NA	0
1	205256.133041842	/crex/proj/uppstore2017165/nobackup/alva/scWGBS/K562_Lnuclei_out_hg38/cluster/0_0.95_10000/epi_region/75/cluster_posteriors.tsv.gz	7	165	1	NA	NA	NA	NA	NA	NA	NA
1	101281.165627488	/crex/proj/uppstore2017165/nobackup/alva/scWGBS/K562_Lnuclei_out_hg38/cluster/0_0.95_10000/epi_region/76/cluster_posteriors.tsv.gz	68	165	4	NA	NA	NA	NA	NA	NA	0.0119521912350598
1	101809.547845268	/crex/proj/uppstore2017165/nobackup/alva/scWGBS/K562_Lnuclei_out_hg38/cluster/0_0.95_10000/epi_region/77/cluster_posteriors.tsv.gz	44	165	3	NA	NA	NA	NA	NA	NA	0.0325581395348837
1	101228.180152387	/crex/proj/uppstore2017165/nobackup/alva/scWGBS/K562_Lnuclei_out_hg38/cluster/0_0.95_10000/epi_region/78/cluster_posteriors.tsv.gz	81	166	5	NA	NA	NA	NA	NA	NA	0
1	100076.990174111	/crex/proj/uppstore2017165/nobackup/alva/scWGBS/K562_Lnuclei_out_hg38/cluster/0_0.95_10000/epi_region/79/cluster_posteriors.tsv.gz	70	165	4	NA	NA	NA	NA	NA	NA	0.0472972972972973
1	101758.990930292	/crex/proj/uppstore2017165/nobackup/alva/scWGBS/K562_Lnuclei_out_hg38/cluster/0_0.95_10000/epi_region/8/cluster_posteriors.tsv.gz	129	167	4	NA	NA	NA	NA	NA	NA	0.00964630225080386
1	92807.323267199	/crex/proj/uppstore2017165/nobackup/alva/scWGBS/K562_Lnuclei_out_hg38/cluster/0_0.95_10000/epi_region/80/cluster_posteriors.tsv.gz	274	166	9	NA	NA	NA	NA	NA	NA	0.0247252747252747
1	99098.4325043767	/crex/proj/uppstore2017165/nobackup/alva/scWGBS/K562_Lnuclei_out_hg38/cluster/0_0.95_10000/epi_region/81/cluster_posteriors.tsv.gz	165	166	7	NA	NA	NA	NA	NA	NA	0
1	94521.1476300849	/crex/proj/uppstore2017165/nobackup/alva/scWGBS/K562_Lnuclei_out_hg38/cluster/0_0.95_10000/epi_region/82/cluster_posteriors.tsv.gz	207	166	8	NA	NA	NA	NA	NA	NA	0
1	98284.0846377225	/crex/proj/uppstore2017165/nobackup/alva/scWGBS/K562_Lnuclei_out_hg38/cluster/0_0.95_10000/epi_region/83/cluster_posteriors.tsv.gz	66	165	4	NA	NA	NA	NA	NA	NA	0.00823045267489712
1	98989.141440508	/crex/proj/uppstore2017165/nobackup/alva/scWGBS/K562_Lnuclei_out_hg38/cluster/0_0.95_10000/epi_region/84/cluster_posteriors.tsv.gz	121	166	4	NA	NA	NA	NA	NA	NA	0.0078740157480315
1	101789.918738829	/crex/proj/uppstore2017165/nobackup/alva/scWGBS/K562_Lnuclei_out_hg38/cluster/0_0.95_10000/epi_region/85/cluster_posteriors.tsv.gz	47	165	3	NA	NA	NA	NA	NA	NA	0.0325581395348837
1	101800.452049663	/crex/proj/uppstore2017165/nobackup/alva/scWGBS/K562_Lnuclei_out_hg38/cluster/0_0.95_10000/epi_region/86/cluster_posteriors.tsv.gz	71	165	3	NA	NA	NA	NA	NA	NA	0.0325581395348837
1	98478.8352522211	/crex/proj/uppstore2017165/nobackup/alva/scWGBS/K562_Lnuclei_out_hg38/cluster/0_0.95_10000/epi_region/87/cluster_posteriors.tsv.gz	154	166	6	NA	NA	NA	NA	NA	NA	0
1	100080.696463247	/crex/proj/uppstore2017165/nobackup/alva/scWGBS/K562_Lnuclei_out_hg38/cluster/0_0.95_10000/epi_region/88/cluster_posteriors.tsv.gz	154	165	7	NA	NA	NA	NA	NA	NA	0
1	92905.9005989302	/crex/proj/uppstore2017165/nobackup/alva/scWGBS/K562_Lnuclei_out_hg38/cluster/0_0.95_10000/epi_region/89/cluster_posteriors.tsv.gz	201	166	8	NA	NA	NA	NA	NA	NA	0.0159744408945687
1	98323.7386660578	/crex/proj/uppstore2017165/nobackup/alva/scWGBS/K562_Lnuclei_out_hg38/cluster/0_0.95_10000/epi_region/9/cluster_posteriors.tsv.gz	131	167	4	NA	NA	NA	NA	NA	NA	0
1	205256.133041842	/crex/proj/uppstore2017165/nobackup/alva/scWGBS/K562_Lnuclei_out_hg38/cluster/0_0.95_10000/epi_region/90/cluster_posteriors.tsv.gz	7	165	1	NA	NA	NA	NA	NA	NA	NA
1	93183.2390334388	/crex/proj/uppstore2017165/nobackup/alva/scWGBS/K562_Lnuclei_out_hg38/cluster/0_0.95_10000/epi_region/91/cluster_posteriors.tsv.gz	166	165	7	NA	NA	NA	NA	NA	NA	0.0177304964539007
1	98245.5647781977	/crex/proj/uppstore2017165/nobackup/alva/scWGBS/K562_Lnuclei_out_hg38/cluster/0_0.95_10000/epi_region/92/cluster_posteriors.tsv.gz	86	166	5	NA	NA	NA	NA	NA	NA	0.0209580838323353
1	121456.682625313	/crex/proj/uppstore2017165/nobackup/alva/scWGBS/K562_Lnuclei_out_hg38/cluster/0_0.95_10000/epi_region/93/cluster_posteriors.tsv.gz	24	165	2	NA	NA	NA	NA	NA	NA	NA
1	92860.5064495761	/crex/proj/uppstore2017165/nobackup/alva/scWGBS/K562_Lnuclei_out_hg38/cluster/0_0.95_10000/epi_region/94/cluster_posteriors.tsv.gz	236	166	7	NA	NA	NA	NA	NA	NA	0.0164383561643836
1	96291.7300137703	/crex/proj/uppstore2017165/nobackup/alva/scWGBS/K562_Lnuclei_out_hg38/cluster/0_0.95_10000/epi_region/95/cluster_posteriors.tsv.gz	131	166	6	NA	NA	NA	NA	NA	NA	0.0330578512396694
1	205256.133041842	/crex/proj/uppstore2017165/nobackup/alva/scWGBS/K562_Lnuclei_out_hg38/cluster/0_0.95_10000/epi_region/96/cluster_posteriors.tsv.gz	7	165	1	NA	NA	NA	NA	NA	NA	NA
1	98561.6093525575	/crex/proj/uppstore2017165/nobackup/alva/scWGBS/K562_Lnuclei_out_hg38/cluster/0_0.95_10000/epi_region/97/cluster_posteriors.tsv.gz	86	166	4	NA	NA	NA	NA	NA	NA	0.00377358490566038
1	101784.984390957	/crex/proj/uppstore2017165/nobackup/alva/scWGBS/K562_Lnuclei_out_hg38/cluster/0_0.95_10000/epi_region/98/cluster_posteriors.tsv.gz	44	165	3	NA	NA	NA	NA	NA	NA	0.0325581395348837
1	99111.7931700513	/crex/proj/uppstore2017165/nobackup/alva/scWGBS/K562_Lnuclei_out_hg38/cluster/0_0.95_10000/epi_region/99/cluster_posteriors.tsv.gz	151	166	5	NA	NA	NA	NA	NA	NA	0
